,artid,view,title,category,x,y
0,193,51.66053644013704,关于我们,3,8.23507486578028,64.55022659227448
1,10430,35.6475508930658,生物大小、城市规模、公司寿命，背后竟然遵循同一套规模法则！,3,14.211269343355166,62.01006766350231
2,10795,33.53790090285468,一杯水为何存在：「涌现」与复杂性,3,9.411504421505361,59.43711248866549
3,10825,24.711839548309122,究竟是什么让工蚁任劳任怨，而蚁后坐享其成？,3,8.466948673531478,55.183118177509066
4,10827,32.22112606248274,从大西部号的疯狂远征谈起——规模、可控与复杂 | 《规模》,3,20.796520133451963,58.146162802078926
5,10759,31.042591240716007,冰雪奇缘：为什么一粒灰尘可以长成六边形的雪花？,16,12.015802376421158,41.15283596578851
6,10756,48.22322038410501,除了时间、空间，你还可以从哪个维度下看待世界！,16,28.88082807407015,32.016403927248085
7,10747,33.325283728234474,有关祖母假说、进化图模型以及生物进化的真相,3,21.944216135307645,46.5722552773452
8,10730,39.047438651575135,危机：21篇顶刊社会科学论文仅有13篇可以复现,3,11.502109218381511,57.47121723578873
9,10725,52.83447428749089,复杂系统新书推荐：社会和生态科学的复杂性和韧性,3,14.65091841817539,54.972028241980546
10,10707,42.460055712176185,Science重磅: 蚂蚁的智慧——懒惰竟能让交通流输运效率最高 | 论文解读,3,18.82872928537646,62.22030418641268
11,10673,42.406880240557484,震惊！图灵竟是隐藏的生物学高手？——解读图灵斑图的生物学含义,3,6.311269362365064,46.37884251271067
12,4312,31.358853864161315,Flownetwork：流网络的开源Python包,3,22.672539451889097,55.65198338271781
13,10590,51.816812333163696,文化中的几何：词嵌入如何捕捉文化社会学的微妙关系 | 论文解读,3,3.6107832858748514,52.64721627494408
14,7720,23.671017663164996,对机器学习、张量网络和物理的一些看法 | 程嵩,3,16.76048617781496,58.18402439603546
15,10099,15.155635561545681,人机融合新时代，走近2050，对话重量级嘉宾,3,14.450500292147794,49.75649355511803
16,7764,27.232733559766203,利用卷积神经网络进行手势识别 | 赵文和,3,13.461763103487312,48.233771334625835
17,8250,16.4397120222975,深度学习在自然语言处理中的应用 | 原创精选,3,18.013395238578514,48.87374333695148
18,10667,41.32075383521015,规模法则揭秘《蚁人》“超级英雄”套路 | 新书推荐《规模》,16,27.88796475112135,36.98254306199083
19,10642,45.30616359585274,混沌、分形理论及其在信息科学中的应用 | IWCFTA2018,3,15.321945647375177,46.377432254175595
20,10643,44.07757438612843,Science最新重磅综述：如何应对人工智能产生的伦理学危机？,16,22.466742712095524,35.21561689466925
21,10628,32.756831213528734,在科学、运动和音乐领域，成功有迹可循吗？| 专题综述（附论文下载）,16,16.001391996544292,35.24395296989983
22,10606,41.43040480005386,如果黑客发起“微暖攻击”，你怎么接招？ | 论文解读,6,8.556225256845686,22.580276187661546
23,10572,45.00212503072784,直播倒计时3小时 | 傅渥成集智专场直播：宇宙从何而来,6,6.410618136238884,25.695611480480878
24,10562,42.004403529601795,衰老在所难免？人类细胞衰老在实验室被成功逆转,4,-1.3185103508891318,2.462488169269637
25,10563,35.79388578188752,会议预告 | 全国复杂性科学研究会2018年年会,6,21.563335938493598,32.12580361681458
26,10526,41.618630788742266,谣言比真相传得更快更远，看AI如何拦住它！,16,24.523789281452547,41.94488258490297
27,4690,18.51539542791576,人工智能社会学－未来的新兴学科？——AI视野（四）| 张江,3,10.873148577920674,48.781152091214345
28,10487,26.047005874581117,找到你混乱生活中的秩序——Kolmogorov复杂度,13,10.23333640235351,16.807869718456633
29,10489,49.68843956656178,首届计算传播学年会即将在京召开，参会指南看过来！,3,27.179094699253877,51.89992003936683
30,10492,28.534450008132914,在物理学家眼中，宇宙竟然是一台量子计算机？| 傅渥成集智专场直播,6,19.720111904745842,27.312331773310135
31,10435,31.855379884450755,Nature神经科学：看书学习很困难？因为大脑太古板！,4,7.540538210600398,3.478882166065409
32,10401,39.05751323215834,张江：破解复杂世界的规模法则 | 广州线下活动预告,3,24.706750984657933,47.429654693514244
33,10404,35.205378262252715,Nature人类行为: 群体间的弱纽带如何促进合作形成,16,9.331854437133194,35.30850139645514
34,10371,44.95757357563265,张江: “务虚”的“系统物理学”——傅渥成新书《宇宙从何而来》推荐序,6,10.809597268571551,26.242331791449693
35,10308,44.11107056836691,重大突破：最近邻搜索算法的通用算法,12,3.237780714157456,-4.48413764505081
36,10309,50.88400766126426,上海活动：规模法则如何制约生长与死亡 | AI&amp;Society第九期预告,6,24.5269473191875,21.781486147256658
37,10365,40.39075943368722,"游戏博弈论：洞悉“剪刀-石头-布""背后的纳什均衡",3,9.412366468730136,43.275856731711
38,10264,37.38591517913652,进展 | 量子物理与机器学习结合，产生新思路,6,16.59459119356753,26.337469286927288
39,10199,31.346134180927503,第九届全球复杂系统会议（ICCS）精选内容推荐,16,13.56812553626682,39.15836257848986
40,10235,23.50062427278525,放弃Julia？长文解析对Julia的质疑错在哪里,3,22.180221794037973,52.10591034530889
41,10202,42.811237560553224,与树共舞：分形舞蹈可视化,16,18.022100454203752,43.82133159631725
42,14,50.51454160713903,Nature：如何把数千种奇异的拓扑材料一网打尽,1,-9.300292864820998,-1.227070996526991
43,36,53.407440830600144,专访凝聚态物理学家文小刚：为什么他能获得国际大奖？,3,16.803196423737766,52.82441608677497
44,50,30.71145598003603,机器学习如何提高搜索新粒子的能力,6,16.694871375563004,17.968380809374523
45,61,46.18544661416259,张江：破解复杂世界的规模法则 | 广州线下活动,16,29.05051389793747,43.7208801044618
46,2146,23.318900434480568,神书《GEB》作者侯世达再次来到集智俱乐部开讲：脑海的本质 |  特邀讲座,13,9.554080269020979,12.81644418620936
47,5072,15.452532670610081,除了Alpha狗，人工智能还有两只猫！| 张江,16,18.62608985421792,45.936282852781595
48,307,15.883041262368273,点击「编辑」，做些改变，按下「保存」，你将影响世界！,4,6.012176750124502,0.5158297608235096
49,4878,17.67030940424737,从AI高考透视人工智能进展,16,20.99203236188153,42.42258020996684
50,4912,15.20407448992497,AI创业：品牌与投融资 | 讲座,1,-20.48410766623752,-5.1003748634170325
51,4932,15.231449627718877,从语音到语言读书会 | 你敢来吗？,6,20.807973303424546,28.38045553925639
52,5015,15.770856960681341,机器也有好奇心吗？| 李嫣然,13,11.855589588559614,13.397038768740925
53,4983,15.009665317372837,柯洁和AlphaGo大战之观后感：我们还没准备好和AI共生 | 黄钊,16,17.29927402619734,39.69482248461527
54,4955,16.134219079395763,AI打游戏背后的技术原理 | 张江,16,19.27767242402493,38.859463662973766
55,5056,15.225873253678811,今日公开讲座：基于深度学习原理的语音识别,4,4.397712926728383,-1.645669514362259
56,5044,16.447904741448177,今日直播：深度强化学习的三种方法,4,-5.412734071327169,3.6433295227297484
57,5106,22.029738862313025,深入浅出 GAN·原理篇文字版（完整）| 干货,3,20.08183126128082,52.720862349128446
58,5094,15.131488824328171,通用人工智能之梦 | 直播,4,3.71214816718393,1.8346833181479913
59,339,51.06112986190122,如何利用小数据进行金融欺诈——图网络的对抗样本,13,18.86772313727892,10.714746579646118
60,352,17.45316414423607,看细菌如何创造超流体 | 生物学与流体力学交叉研究,4,5.192317591121254,-0.9222605295256564
61,365,34.25374594545104,科普 | 用绵羊解释熵——从冰块融化到时间箭头之谜,16,14.843548487262638,43.288446908850894
62,6976,20.31350097958372,量子>经典——科学家们找到了量子计算有用性的关键证据！,12,5.043792174635412,-7.844575417344945
63,403,25.17202267129842,Science经典回顾：计算社会科学诞生宣言,6,16.229648289398902,28.225332073691124
64,416,17.880666804235037,蛾子为什么会飞上 C 罗的眼角？看城市如何创造新物种,13,6.01401883330431,10.147764705661745
65,433,29.34592889206245,PNAS前沿：你在网络中的位置如何给你带来全局影响力？,13,14.660890711716315,7.773804515770285
66,457,17.635842882618565,论文解读 ：区块链技术如何堵上深度学习的隐私漏洞？,6,13.816858563804328,27.66313158205553
67,474,16.37794689284486,圣塔菲研究所提出的新排序算法：从鹦鹉啄序到终身教职,4,-4.0106775019807595,5.02949469422469
68,4430,18.008648342271727,直播预告|看涨还是看跌，智能投顾成为自然语言理解最佳竞技场,13,11.457893761295761,14.955156520460413
69,6061,15.013147958313636,「缘」来如此：集智俱乐部参访龙泉寺小记,13,7.0680776544340755,12.701916375789958
70,8443,15.855599224181226,基于神经网络的智能控制技术及其发展趋势 | 公开活动,12,-3.3937523968757706,-5.8716213535450885
71,8528,15.099483198114632,“AI视野”系列课程第1期——迎接AI时代公测课程全部开启,16,19.43934512424059,41.16303505709254
72,323,30.857582998161107,如何根据社交网络演化识别极端恐怖组织的形成？,13,12.944282443254824,7.96363224406826
73,10525,48.98087869674891,数字二向箔：从一到一百万的奇妙涌现,2,2.9230030650144663,-15.073928604137137
74,10028,17.243026528699055,走向未来：互联网发展进化的原因究竟是什么,16,20.842202095137228,44.41429204688345
75,10039,37.47544658439931,"两级分化与""回声效应"": 基于大数据和复杂网络角度的社会科学研究",4,4.259623135511953,8.416910986778968
76,10054,15.184932143576168,自然语言处理与深度学习读书会开始报名了！,4,6.079390247053843,-0.5142931307155354
77,10067,23.173315623073027,复杂性文摘翻译 | 集智开新专栏啦！,16,17.392518702001695,41.21065088091994
78,10110,18.58015471177063,美女姐姐诚招室友,15,-11.07723676545095,3.632690851139729
79,10121,23.94546093329442,自然语言处理与深度学习: 集智俱乐部活动笔记（含活动视频）,16,17.69953431652921,36.62415785321203
80,10148,41.69974598409895,生命进化版的2048通关名单揭晓,1,-11.20549088121947,-0.5743661802080255
81,10160,16.699654550439778,傅渥成的 Live ——复杂系统的简化模型（1）：无处不在的「随机行走」,4,-5.978690080708167,-2.085422359326939
82,10171,15.653059650179014,新书上市！《走近2050》,6,18.840899707080485,31.658480479795635
83,81,52.6018703536826,全网首发Julia中文视频教程：1小时上手机器学习的明日之星,16,6.0684883838936665,38.699374723766006
84,10293,44.66937422074899,Julia语言极简入门教程,3,9.717614727711064,51.50279709830473
85,95,46.72097580289277,Science Robotics：无人机的自组织飞行和集群智慧,4,-1.3285110551213024,4.339246867710294
86,107,28.142708856725456,如何检测社团内的嵌套结构？,6,10.319438739854213,31.267239376585387
87,123,21.317240181671867,社交网络上的多数幻觉：你的朋友总是比你拥有更多的朋友吗？,13,13.953722929715486,11.224979740883114
88,133,22.365560397128824,PNAS重磅：词向量带你洞悉美国性别与种族歧视的100年历史演变,16,16.399946338837307,38.60109408715758
89,6917,17.272511676927685,上海活动：规模法则如何制约生长与死亡 | AI&Society第九期预告,4,8.090788873226913,-1.130760750057822
90,227,22.37976218082823,Science Advances重磅：大数据揭露美国劳动市场如何两极化,6,18.36194864017053,20.378424935291942
91,285,23.930137382888738,Science：白鹳的集体行为与全局迁徙模式,4,6.885367780941612,-1.2554473340330798
92,1023,30.517569193449738,Nature通讯最新复杂性科学论文综述（2015-2018）| 附60篇论文合集,3,20.716460476566322,49.460187916626644
93,1094,28.961308202889125,王小川：企业与生命体 | 《规模》线上赠书活动,13,11.51277493416632,9.481012526790106
94,1113,30.54702922238593,种群结构如何影响自然选择？ | 图论对进化生物学的启发,7,-9.8921167737416,-20.506905929942242
95,1128,21.412574678310175,张江：寻找人工智能时代的牛顿 | 线上讲座解读新书《规模》,6,17.009173862433418,24.153930853599867
96,1149,15.854345939246492,玻璃物理学：一扇通往生物学研究的窗户,13,9.771612673932724,9.010044557732732
97,7046,45.219779937431326,图网络——融合推理与学习的全新深度学习架构 | AI&Society第八期预告,13,22.253639218612296,16.40162082481864
98,1184,38.93933622715631,为什么鸟看到的世界你体会不了？因为它们的眼里隐藏着秘密,4,0.3679441568460715,3.1630007033447494
99,1201,16.229294869911843,提高科学影响力的关键因素是什么？| 复杂性文摘6篇,13,16.146432155542165,13.641012227110297
100,1216,46.153729867414874,一文读懂复杂网络与群体智慧,6,20.130092490664968,22.659801424781932
101,1241,31.988313959679115,吕琳媛：复杂世界，简单法则 | 新书推荐《规模》,13,14.318298641423981,12.9532772805376
102,1259,29.745280924250086,贫困妨碍认知功能？| Science 经典论文回顾,4,-2.967611655831521,0.58669911814178
103,1278,23.53813854765692,小世界网络、偏好依附机制、跨学科研究——网络科学20年,13,17.986751802527685,14.79614239498136
104,1294,21.395467312629652,如何对复杂系统进行重整化？机器学习可以给你答案 | 傅渥成,13,13.26080356677967,18.68633537794421
105,1314,24.200296987661112,大脑如何在临界点附近玩跷跷板？,6,15.330386505778007,22.17550275838561
106,1330,21.946007227688515,对称性与拓扑序：新型量子计算机的物理基础,13,6.514717934104053,11.062299558598713
107,1358,15.422748681826933,科学家竟然创造出了新的语言结构？ | 集智科学家公开讲座预告,2,5.284945347728406,-17.719718044347957
108,1371,28.619788390426617,北大女神带你进入计算机视觉的神奇世界 | 新课上线,13,9.367230851371318,10.215715928536595
109,1385,19.94561111381168,一枚硬币翻两面：金钱刺激可以同时增加信心和偏见 | Science Advances 论文解读,4,2.509996462269325,2.400112635678172
110,1404,16.961525661584044,发动特朗普的列车：理解政治操控社区中的集体行动 | 复杂性文摘7篇,6,16.249033421416573,20.305030988899816
111,1423,21.70068564929083,重磅：我们可以从科学的角度解读意识吗？| Science 综述,16,20.05041295227854,39.8994358308262
112,1441,19.09807840102227,意识如何自下而上地涌现？来自系统生物学的启示 | 长文综述,16,18.662389219157166,37.70657174304137
113,1470,20.58146288065668,论文速递：关系式归纳偏好、深度学习和图网络,12,4.548257560036781,-9.34924931264354
114,1481,16.443520246550637,可交互的对抗网络如何增强人类创造力？,6,14.916333404550432,29.58163654136148
115,1511,41.73074694349673,小群体如何改变大习俗？ | Science 最新论文,16,23.153566547535604,38.563433546017315
116,1529,15.790704338585646,洞察谜题 : 用简单的数学模型探索复杂的因果关系,1,-16.376955515358155,-5.094028496567638
117,1543,26.30660150769824,还原小型大脑：小小虫脑里的复杂神经网络 | 连接组学研究,15,-10.133580220405742,8.47594387379005
118,1558,16.38137524063357,计算社会科学时代的来临 | 小世界网络之父邓肯·瓦茨经典回顾,15,-11.275235259001978,7.563161547878901
119,1573,50.78564724762722,深度学习新星 | 图卷积神经网络（GCN）有多强大？,13,5.992735597352028,19.18165436252109
120,1609,26.460419920518873,前沿综述：细数2018年最好的词嵌入和句嵌入技术,13,9.368615101241963,8.022752055323132
121,1626,16.80645450441803,上海城市网格数据揭示经济社会变迁 | 复杂性文摘5篇,12,4.362287256774284,-2.7035504060503825
122,1836,16.252826230832028,细胞需要多少基因？一个都不能少！,2,3.9000859110824235,-19.50313770729608
123,1851,25.03017631943043,侯世达集智俱乐部专场讲座 | 从表象到本质：是类比在激燃思维吗？,13,9.778294908406709,19.669239885808235
124,1884,16.531114080851015,2018北京师范大学复杂系统优秀大学生夏令营招生启事,12,-5.1241127975963,-4.480818592418817
125,1895,18.833873486571164,Nature最新论文解读：最小车队问题与“乌托邦”交通系统 | 张江,4,1.5043248675640755,8.40346417590567
126,1914,15.075084027206593,地球生物总量的83%竟然都是植物 | 计量生物学研究,14,22.86187831795119,-20.804593441859303
127,1924,15.04327170472657,“NP随机漫步的傻瓜”遇上“GEB集大成者”的机缘与洞见 | 集智上海读书会招募,13,14.276565373200993,9.68040176120959
128,1943,18.02709490986957,仅占地球生物总量0.01%的人类，圈养了96%的哺乳动物 | 计量生物学研究,12,-4.919099655210487,-3.732863282550474
129,1958,15.723475268563789,如何预测Twitter用户的地理位置| 复杂性文摘10篇,17,33.131661728605515,12.162139674440793
130,1986,17.774780323995248,Nature | 自动驾驶调度算法有望将出租车数量减少一半（内附论文原文）,2,11.315677686575919,-20.933528497408194
131,1999,20.407714219796443,《GEB》作者侯世达集智专场讲座，正在直播！,10,-5.376197105893561,-26.188800945213234
132,2011,21.591709407218616,走向“生长”机器人：从细胞到植物仿生机器人的历史演变,16,19.02291571900606,34.562093790173805
133,2027,31.766576747660302,如何用 Mathematica  窥探质数分布中隐藏的分形规律,12,-2.6823927685433473,-3.0113004354181383
134,2046,18.549318276843852,前沿综述：关系数据纷繁复杂，如何捕捉其中结构？,13,12.120293758337628,12.302262098654968
135,2090,26.325754691791538,质数分布、晶体衍射和分形几何——竟然被一个小实验联系到了一块儿,12,-5.041582489044572,-13.541367823550974
136,2104,30.48843716501597,如何从经济学家的视角理解 AI 革命？| AI&Society 第七期预告,13,12.282794847916303,4.738921262595146
137,2124,19.9194474780218,「简洁」又堪比「百科全书」的编程语言，了解一下？| 推荐课程,13,10.78805464090713,13.599384887487405
138,2163,22.483766969697513,论文解读：复杂网络的多尺度动态嵌入技术,6,14.389276143744869,24.810609479379657
139,2195,39.85339799072638,几何深度学习前沿,13,20.083922530110392,12.23316380914514
140,2217,15.472010332998853,探寻宇宙的脉搏，解密同步的奥秘 |  “复杂性理论”开创性研究者斯蒂芬·斯托加茨重磅新作,13,11.090657984005183,11.371711827124491
141,2451,35.90546912995821,下一秒火焰如何燃烧？机器学习成功预测混沌,6,12.582996451584009,22.927400586807824
142,2473,44.66158268138706,讲座报名：多主体仿真与人工社会 | AI&Society 第六期,4,6.565718509578374,5.187254406370755
143,2495,39.74117253191068,经济学范式的转移：复杂性科学家对信息经济学做出开创性研究,13,14.905476179817105,16.797164559640947
144,2515,36.34045401253259,侯世达：机器可以“翻译”但不能真正理解 | AI&Society,13,14.270484989084778,15.16291395559132
145,2558,22.28100555829319,Barabási 组最新研究成果：如何从300万种图书中脱颖而出？,12,-6.341031967467743,-4.81695072349606
146,2583,21.541208262628757,复杂性科学又出科普好书，你写书评我送书！,13,12.587472642224528,10.756537231745014
147,2601,45.3586750970795,解读幂律与无标度网络 | 网络科学入门,6,6.123579697534541,30.03236614598464
148,2656,24.40926724268769,写代码测污染，赢大奖保家园！ | KDD Cup 2018 邀请函,19,32.49211116938683,0.43448729011139686
149,7201,39.46646309863938,侯世达来了！人的创造力VS人工智能 | AI&Society 第五期,13,12.717550328006924,0.009927286610964314
150,2688,16.47242821079146,Paper 已经过时——计算机时代科学传播方式的变革,6,15.01437424432052,20.339652149971897
151,1644,31.415028318981268,反转时间之箭，量子力学如何挑战热力学第二定律？,4,6.565640703507526,2.7567352097332964
152,1659,20.74574816742365,集智学园（北京）科技有限公司招聘启事,8,-3.478918169452333,14.677674546625147
153,1670,29.190317221325607,机器学习能否破解混沌？| PRL论文详解,4,1.2991425136965244,4.613566292330105
154,7065,38.75525340804769,人工智能时代，“经济奇点”即将来临？| AI&Society 第七期回顾,6,19.783115303670687,17.601452920260773
155,1728,25.70999305356958,论文解读：从乌合之众到群体智慧的一步之遥,4,4.705330508300514,4.16926737831652
156,1757,18.753049436748285,2018中央财经大学金融科技方向硕士夏令营招生启事,6,13.395236304594233,20.30505151237016
157,1767,29.30431295331286,计算复杂性理论前沿：UG 猜想证明的新突破,4,-4.7360371550688605,1.089346016428246
158,1790,16.04861195671392,贝叶斯网络之父：如何真正教会机器理解,4,7.372155084580019,-0.0916719820366445
159,1804,39.45809304924832,做科研做到绝望是一种什么样的体验？,10,-6.112002906937825,-29.057352235136754
160,1819,18.771474806539942,《复杂》作者Science综述：与时俱进的多主体仿真模型,4,1.8545350181045075,1.0623353520814316
161,735,16.572258190253862,Nature 研究：所谓黄金年龄在科学家和艺术家身上可能并不存在,7,-12.074530994554534,-12.921784010910676
162,747,26.698322310013946,Nature 最新：你的创作高峰即将到来，赶快趁热打铁迎接“奇迹年”！,19,26.68072255785342,0.6063343340046362
163,764,26.699915890694996,ECCV2018论文解读：用回归方法判断热度图中的人体姿态,4,-1.0085817973766753,12.632798699057329
164,765,18.776721277379323,ECCV2018论文解读：用回归方法判断热度图中的人体姿态,4,-0.5058462876435372,10.45640631917106
165,816,15.91220422200605,直播预告：2018北师大复杂系统夏令营名师专题讲座,4,3.3774422613616,-1.223911984687173
166,841,22.24844633515781,有神经网络才能学习？没头脑的黏菌也可以,18,-23.076208725513407,6.145697643897923
167,857,35.1284727590522,小装置，大未来：量子机器学习1.0时代,16,16.21770961589459,32.22970531130731
168,880,43.72282854401614,前沿解读：人类流动的建模及其应用,13,4.00114639308721,10.074005234013342
169,977,17.90285998095148,Barabási组最新进展：如何利用网络科学控制秀丽线虫大脑？| 内附Python源码下载,6,20.230748053976644,25.518502880966317
170,487,26.217149868955378,Nature：AI可能是性别和种族歧视分子？改进训练数据与算法迫在眉睫！,4,-7.362826820510317,0.6960560360070354
171,6349,52.3463074998922,Python过时了？和 C 一样快的科学计算语言Julia了解一下！ | 公开课&线下活动预告,16,12.783880903431138,33.32603401501238
172,519,54.0,网络、几何与机器学习 | 集智-凯风研读营2018,4,4.018164778123391,17.802405769485706
173,549,50.26983476773155,经典综述回顾：计算社会科学的5种研究方法,13,15.564468510224296,5.408055183298376
174,565,43.43166326753465,Nature 新评：利用3D图像揭密果蝇大脑,0,9.62715829486602,-7.8212232239578166
175,576,27.15579429850815,Cell 最新：科学家成功绘制出完整的果蝇大脑神经网络！,19,20.681349265906576,-7.23809357295218
176,591,34.56007047949225,论文解读：解救深度学习过拟合的神器——非线性系数,17,25.702825825845593,17.984237368696295
177,651,35.101101449211,用GCN图卷积网络预测海量药物相互作用，医生再也不怕开错药了！,1,-18.637010098681223,-1.6646789236652197
178,666,19.791591544261603,脸太大计算机无法识别？这儿有一个优雅的技术解决方案,1,-13.6719362303573,-2.0954636532370627
179,6362,51.13376656267373,图网络——悄然兴起的深度学习新浪潮 | AI&Society第八期回顾,6,24.97549242782191,29.087342761481267
180,997,15.124891175237334,集智AI学园独家免费直播 | 北师大复杂系统夏令营名师专题讲座预告,4,2.274095532101014,-1.9579832372480839
181,2888,45.3557689164723,理论危机 | 无标度网络遭到史上最严重质疑,6,26.453026779224107,25.077817976758364
182,2911,39.31441578569122,3.14：神奇的 π 日背后的神奇数学,10,-12.289264380603925,-37.747098439405114
183,2928,23.527287916352194,讲座报名：社会阶层与数字媒体中的注意力流动 | AI&Society南京站,15,-12.54272954721269,3.3769406936324997
184,2949,25.984224323161747,意识机器？——AI视野（六）,6,11.545293920923285,20.327823424909873
185,2968,35.14055923621986,彩云ICLR 2018顶会论文带你进入“组合式神经编程”的世界,12,-3.048227203376529,-4.229172971759744
186,2985,33.606063887987865,2018：你的人工智能版图 | 转发,4,10.54265829330036,-0.3805145438961015
187,3018,16.03807619364297,新年特辑 | 致21世纪的“采集者”们,0,19.634007766824475,-9.573414732308066
188,3034,15.343575832451165,自指——连接图形与衬底的金带,13,8.104891778400342,9.190309866994196
189,3128,20.75758632763082,自指机器的奥秘,4,3.140759527334242,3.3449419775758633
190,3145,19.608363774455277,复杂度阈值与概率论中“漏洞”,13,9.630993768469402,14.390594109662251
191,2714,16.297532477478857,信息过载的年代，注意力才是你最稀缺的资源 |《走近2050》,16,15.229197407270652,40.769048616511746
192,2738,16.129437972750882,重磅综述：人工智能如何影响社会经济 | 100+ 参考文献打包放送,3,18.77988938098399,47.53786236084951
193,6577,43.513401118776954,贫穷限制了你的想象力？！| AI & Society第四期回顾,4,-4.8978130007576315,7.827931527750827
194,7249,41.41525444518602,大数据会暴露你的社会阶层吗？ | AI & Society第四期回顾,4,2.819196671988836,14.962993365528781
195,2820,50.42248511478044,复杂网络上的深度学习 | 南京讲座,5,-27.079917205801213,22.749426861800973
196,2832,26.534836605727776,明日活动：社会阶层与数字媒体中的注意力流动 | AI&Society南京站,1,-14.321594345840094,1.9644626760049353
197,2854,32.1616887393143,公开课 | 解读幂律分布与无标度网络,12,-7.012641567753018,-7.36352064614324
198,2868,28.577437924559874,Love is All You Need | 无标度网络理论之父Barabási回应史上最严重质疑,16,13.014853783170876,37.31066685686775
199,2233,15.709128164981662,2018第二届中国系统科学大会 | 5月12日现场直播b,12,-0.18187461237378802,-10.029686994700361
200,2250,23.543591734944446,人工智能助力神经科学：DeepMind 复现大脑空间导航方式！,4,4.946086045355987,2.4911115817867557
201,2270,15.159344260711874,第二届中国系统科学大会即将在京召开,4,-3.177473340584522,-1.2422131683934647
202,2296,15.52379465677314,加入集智，一起复杂！集智俱乐部团队招新啦！,8,-0.7433271228709946,17.99278106926473
203,2322,15.21929910178023,第二届中国系统科学大会（CSSC2018）直播预告,12,3.1316820114591004,-9.277875611117555
204,2340,19.21007902524586,比预测未来更重要的，是改变未来 | 数据科学公开课,11,-29.61425760280406,-14.37295025042584
205,2357,23.412729418324233,入门系统科学？你有一份系统科学导引待收.....,13,6.808981754458781,6.888171399616422
206,2402,20.56290843289355,协调动力学：乐队如何奏出和谐音乐？| 复杂性文摘6篇,13,9.928176043865271,5.853260514671727
207,2422,17.50861249671265,当对称性被打破，事情才开始变得有趣,11,-35.56688470074201,-9.340647129657556
208,2437,17.633819975214102,16年经验数据科学老司机，带你避开数据分析的15个大坑 | 公开课,12,-4.373035596217229,-5.413159768747225
209,3162,21.186559051549605,从意识的多重草稿模型到心流 | 新书推荐,6,12.676887739702895,29.199093669108397
210,3176,21.15676534931781,2017年人工智能与深度学习-年度大事件,13,8.38571976549194,11.891825564934756
211,3203,21.08190824043249,Nature专题报道：中国 AI 人才争夺战，你在哪里？,8,4.273964259652013,22.9250880023008
212,3216,19.712908679525366,大数之道——人脑与电脑的对比,4,3.5469299394075606,5.264639936804808
213,3234,19.620297428349076,高校联盟 | 第二届中国系统科学大会CSSC2018征文篇,12,-5.306770577648245,-5.8346672350007776
214,3248,15.877399664999542,大江大海2018: 冲浪科技之巅不可错过的十大数字前沿趋势,13,3.7149819520453438,12.175617906806984
215,3277,15.187502675521754,独家直播：AI in Urban Life集智x阿里分论坛|网络科学顶级国际大会NetSciX2018,15,-9.098615414202605,6.813589837554309
216,3304,20.034128218716127,活动回看：颠覆式创新一百年&AI走进社会生活发展前沿追踪  | AI&Society第三期,4,4.267132921192918,6.140511930694102
217,3360,19.129900976085928,早鸟特惠倒计时 | AI×金融系列直播课,12,0.2665009479158653,-9.334727111896344
218,3372,35.70966736786215,阿里-集智分论坛：AI in Urban Life|网络科学顶级国际大会NetSciX2018,15,-7.432832373346696,8.957663465006299
219,3792,25.323609909388384,重磅Science论文：用人工神经网络解决量子多体问题,4,-1.31836773724836,8.344831969864716
220,3820,15.916897134584477,人工智能在量子物理中的应用 | 集智俱乐部上海活动,17,23.049379493505647,9.41368287340695
221,3833,21.378576732721996,人工智能在量子物理中的应用 | 上海活动,17,22.555371074533415,10.967872297804643
222,3846,15.065553106028895,2017年中国智能车未来挑战赛报名正式启动,0,8.334134194583974,-2.684328344826662
223,3858,20.844035354146136,为什么他们要来集智AI学园学习 PyTorch？ | 早鸟福利倒计时,15,-7.093066909159402,2.871993209232586
224,3879,46.433720519104625,重磅系列课：火炬上的深度学习（下）,4,11.944233436183376,1.420778969382466
225,3898,23.646589200213327,就差你了!——北师大试验科学竞赛,0,10.460239867510237,-5.304403443862159
226,3913,22.2299579492966,Google AutoML项目：自创生理论的实践,13,8.081628111151948,7.432882595712527
227,3927,18.070335173381558,设计你自己的众包实验 | breadboard简介,5,-20.255497533826773,14.098581665293699
228,3949,19.272638890833804,百词斩的复杂性思维 | 张江,1,-6.586752289891312,-0.4269405377978003
229,3966,15.789333723383717,饮水思源：漫谈人工智能与人类智慧 | 王雄,4,7.984177484980275,0.8210478693060539
230,3984,16.573635186514885,思维碰撞：人工智能社会的憧憬和忧虑 | 活动总结,13,6.159540744629376,12.280087109279462
231,4012,15.138468092098174,AI不是来让人们失业的，是让人们更真诚相对的 | 尹相志,15,-14.71335845221786,5.494367797282289
232,4026,19.956019779705624,王飞跃｜智能科技与新轴心时代：未来的起源与目标,8,4.089448707498949,21.061332783073414
233,4041,15.355314979225353,"校招 | Momenta, 你一定不能错过的自动驾驶公司",18,-24.370206372485526,3.7884326237136148
234,4075,15.701493515990265,招聘 | 慧拓：开拓你的移动智慧空间,4,7.086295677283608,-2.0746151531745713
235,4090,31.813922304092266,推荐 | 为新期刊Complex & Intelligent Systems疯狂打call！！,1,-16.892349553155647,3.795614506204754
236,4102,16.990700924039782,深度学习与人工智能发展趋势展望——集智上海站,8,0.06139298160779126,25.5319635313932
237,4117,15.6633240172718,网络科学顶级国际大会NetSciX2018首次落户西子湖畔,8,-8.870240122807505,22.36337901579541
238,7477,15.160999966250788,AI&Society 活动第一弹：人工智能社会的憧憬与忧虑｜门票福利,8,2.8600428969622724,24.556593695152888
239,5611,22.013605566347074,机器崛起之Cybernetics的军事起源 | 笔记,4,4.0634572311605055,0.937893035749978
240,10020,15.046465249957368,人工智能与人类智能：关于人机关系的新思考,13,10.53877319605823,3.4795728345025374
241,3399,28.057829484807645,AI人才都去哪里了？,15,-11.72895568097376,4.967858605405471
242,3419,27.681738702165525,Nature Commnications论文解读：复杂的城市，简单的规则,2,6.37971387521354,-12.672088817736467
243,6729,22.91101862554121,直播预告：颠覆式创新一百年&AI走进社会生活发展前沿追踪  | AI&Society第三期,8,-2.3642343007278233,19.02129184749585
244,3458,32.38730217033336,清华活动报名：集智科学家们想和您聊聊成立集智俱乐部第谷小组的事情,15,-14.6491722416044,14.522188224779056
245,3477,18.25147989737939,关于成立集智俱乐部第谷小组的设想 | 一群集智科学家的发声,15,-17.543455261908885,9.369687682097807
246,3495,15.432890999317078,集智一页 | 欢迎每一位热爱科学的你,10,-7.145844792358562,-24.913412577712354
247,3505,19.702019045000966,圣诞夜！学术趴！AI狂欢倒计时！你来不来？,0,20.64644362223353,0.2988644585493559
248,3536,16.129108852208304,颠覆式创新一百年&AI走进社会生活发展前沿追踪  | AI&Society第三期,8,-0.5463977017155418,19.903888090004077
249,3558,31.37216575350293,大规模人类在线行为实验 | 南京大学黑客马拉松活动报名,14,20.41205155767887,-23.52538860530266
250,3571,19.417047235387283,AI讲堂|学界与业界大咖为您解读人工智能技术的现状与未来,1,-13.813329188264216,-0.18152799960998628
251,7410,31.216530800020962,大链接与大数据——AI&Society第二期活动回顾（含下期预告）,13,16.516285921951,11.00345458879298
252,3633,31.523287224966925,人工智能如何掷骰子——三种概率理论,12,-4.0833164111087354,-8.571485321571778
253,3652,26.59234436041161,神经网络与图灵机的复杂度博弈,13,8.122779127371034,13.99385198517713
254,3678,20.529100186428177,冯·诺依曼：探寻计算的“原力”,4,5.60348179995534,-2.2357048001194055
255,3696,18.011893656191816,情感分析：一个非技术性的技术指南,4,-3.641791247662535,-2.1644389410955576
256,3709,15.31085336829662,巴黎大学物理学教授邀请你做历史比较学研究,19,28.878574015599348,-0.3286122167932929
257,3723,19.698244459231905,冯·诺依曼的遗产：寻找人工生命的理论根源,4,5.0281256111647465,0.6149053467624517
258,3741,16.68442571701321,AI & Society 活动深圳站：大连接与大数据 | ​腾讯研究院X集智俱乐部,8,-3.01251467642911,23.720436611774534
259,3756,16.686440857767604,活动回顾：从AlphaGo看人工智能的一些思考,8,-2.30141427251351,15.647421399340239
260,3771,22.970992943967634,最新海量数据集：阅读理解、对话与自动摘要等NLP任务集锦,7,-11.65660776666265,-11.702689394301974
261,4332,16.027097039118612,语言中隐藏的几何 | 张江,1,-5.914035747041647,-1.2984231289518955
262,4347,30.658433909860918,吐血整理：PyTorch项目代码与资源列表 | 资源下载,6,18.505395251996855,29.835033771574736
263,4370,15.064223331830593,据说想学AI的程序员都关注了这些号号号号号号,12,5.580438799539367,-10.517611705487694
264,4401,15.40732499111867,泛在的AI与数字上帝—AI视野（五）| 张江,8,2.331089862858141,22.630545347014422
265,4444,49.67527322688223,量子纠缠：从量子物质态到深度学习,13,18.9528924905477,4.092343589351818
266,4461,29.76161314491175,重磅系列课：火炬上的深度学习(上),15,-7.979619176557195,4.298320839083766
267,4475,50.37580742843069,复杂网络，机器学习与全息原理 | 记2017集智-凯风研读营,1,-10.199732185918936,-2.6260981332352973
268,4490,50.73066241492946,机器学习、理论物理、计算社会学的碰撞 | 记2017集智-凯风研读营,4,-7.010205126712684,7.05042075727102
269,4154,15.887422166959322,AI公司职位内推 | 自动驾驶、智慧医疗、智能家居你想要的这里都有,12,-0.8155285427734662,-8.738294834061978
270,4176,15.03447242270331,荐号 | 关于人工智能、机器学习、大数据的九个黄金公号,12,0.6525365289530893,-10.859054790333943
271,4195,19.97356201473079,人工智能EQ学：博弈机器学习 | MSAR首席研究员刘铁岩,13,10.67517935928853,4.9168232773315435
272,4212,15.849433184271339,引力、量子与人工智能的深度对话 | 尤亦庄,4,1.1744931102498715,10.57877666612859
273,4225,21.02195152511632,用深度学习解读量子宇宙奥秘,5,-15.804591012563048,16.07935840748626
274,4240,16.1370756428351,量子计算时代的机器学习,1,-11.652169242351237,1.895593327745959
275,4255,19.367594991709492,为人类编程,4,-4.712243345671264,2.867955392366863
276,4273,20.097065684437126,在迁移学习中如何选择数据？,12,-2.7443823061587067,-15.065111789208284
277,4285,15.067382947633954,资源 | 深度学习中的代码资源库（一）图像处理篇,4,2.3830993694792877,5.77593263180512
278,6855,20.855924235953562,"""集智""与""AI""联手填平""类比鸿沟""",12,-2.065865222875466,-3.79225501399339
279,4663,15.343054117628007,限时免费 ：《聊天机器人的前世今生》| 李嫣然,12,-3.3844517103010516,-6.61216436483403
280,4676,17.5544339580729,AI英雄们，我们邀你向病理诊断和智能投顾发起挑战！| 人工智能创新创业大赛,7,-7.502245032315312,-14.2731505512663
281,4720,15.757584695454636,人工智能与教育--让我们从异形说起 | 徐小曼,8,1.330643785665192,11.913638562017617
282,4739,21.968494544394975,浅谈强化学习 | 朱瑞鹤,4,1.9681159526584633,-0.7629794028575771
283,4769,16.27855513359359,重磅课程：打造你自己的聊天机器人 | 李嫣然,12,-1.346750555795508,-7.634265320812871
284,4787,15.06949153844135,图书推荐《计算主义及其理论难题研究》| 孟伟,4,-1.451537750445605,-1.187096353852646
285,4808,15.338909381299802,“Scale” 读书笔记-天下之大作于细 | 郭瑞东,11,-23.057476205565134,-14.74768111023629
286,4821,15.14033522540367,如何攻破语音识别最后的3%？ | 读书会,1,-12.993636852111006,1.8304277711796155
287,4850,15.043462575472049,从万物有灵到AI掌管世界——AI视野（三）,13,5.03634363654743,12.398896319538434
288,7509,46.59204754841734,集智AI&Policy研讨会第二日：当复杂系统遇见深度学习,1,-9.706965756757198,-6.112767339383835
289,4522,44.28098176919801,集智AI&Policy研讨会：中国科学家国际地位上升,19,32.755571169683265,-3.970685369799898
290,4536,33.56563067931985,各领域公开数据集下载 | 资源,3,11.642011840009268,45.893082024369534
291,4546,18.4857835922339,深度神经网络(DNN)是否模拟了人类大脑皮层结构？,12,-3.8885563896482065,-14.708651233834653
292,7534,39.75702300119833,AI&Public Policy : Frontiers in AI and Applications | Workshop,2,-3.4977255365790536,-26.24386970072147
293,4588,20.06180254520615,读《机器崛起》: 人与机器的共生与融合 | 张江,1,-7.019858412195072,-5.685150273736224
294,4605,15.779275173171365,集智AI学园独家免费直播 | 北师大复杂系统暑期学校名师专题讲座,12,-1.8557292547833641,-5.655634236024871
295,4646,15.358137435183064,AI改变了科学——《科学》最新AI特刊 | 前沿,17,21.015262958486325,8.132494055440768
296,5659,44.84393189033364,机器翻译的主要原理和相关技术 | 笔记,4,-4.181415002691455,9.235104360065723
297,5693,15.149615210385726,妈妈再也不用担心我和“歪果仁”聊天了！ | 彩云小译,14,15.663252242520214,-17.557322090295493
298,5710,28.28190495578785,AI创业大赛火热报名 | 助力技术创新与金融医疗场景合体,1,-15.095391064337525,-11.063127745786469
299,5724,19.624079363816413,AI-Reviser：不懂语法的AI才是好外语老师 | 集智原创发明,14,12.704328669308849,-21.687905012262352
300,5751,20.82940126027674,自然语言处理和理解会成为下一波风口吗？“AI视野”第三期火热报名中......,1,-22.194560469217677,-5.225770018982538
301,5801,22.83766122465839,复杂的网络与优雅的几何 | 直播,18,-20.700190454895097,6.760944707956198
302,5816,15.60753651620092,AI视野第二期完美谢幕（含下期NLP专题预报名）,8,-0.6629574647447134,16.667030233646887
303,5855,15.295258220286396,采访完Jessica Coon，我们重新认识了《降临》里语言学家的世界 | 机器之心,0,13.751882603129719,-3.5539547844780275
304,5889,20.154268220756734,网络与几何的纠缠 | 张江,4,-1.072565275664891,9.8245448834066
305,5915,15.179174415719595,讲座 |  机器崛起：从Cybernetics到Cyborg,19,24.617357961982847,-11.730852787551393
306,5400,22.08512455681825,集智志愿者招募啦！,5,-15.248683149477817,24.00079537170037
307,5434,18.361911792295572,揪着自己的头发离开地球——AI视野（一） | 张江,4,-6.394173770279781,1.7151026632339188
308,5459,15.107432351410207,第一届中国系统科学大会 会前专题讲座,2,9.787840309605318,-15.202783334297486
309,5477,15.021279458355234,深度 | 联想AI实验室负责人徐飞玉：人工智能变迁，从实验室走入日常生活,8,-1.4112049669654778,21.090400475347657
310,5490,19.28131861795169,AI视野三期学员持续报名中，和徐飞玉、尹相志等大咖相约520,18,-26.65193484574255,2.0108945298851486
311,5570,15.796080907508754,机器崛起之赛博朋克的出现、抗争与危机 | 笔记,17,28.686855448214395,6.793981729720538
312,5591,15.301732744368756,赠票：44位嘉宾+32场演讲，开启机器智能之旅 | 机器之心,13,9.305567503594727,3.1309173470169496
313,5540,19.731339959953736,机器崛起之赛博格的诞生与演化 | 笔记,1,-6.34386770219755,-3.1150628798454427
314,5639,17.52018223513888,数据与洞察：从“常识社会学”到“能解决问题的社会学”| 直播,14,18.776035853222442,-28.49316909624037
315,5926,15.834191063211145,【系列】深入浅出解读GAN！,4,-5.648325600854021,1.9267903122205432
316,5940,15.347224304424353,【译文】图片翻译机——GAN的神奇功效,18,-21.874840059247227,7.485580955132183
317,5968,15.163180492850506,【深度】对偶学习的生成对抗网络 (DualGAN),12,-0.7938808143041184,-7.140305291716171
318,6031,15.037610346121546,2017年计算传播学年会暨工作坊征稿,13,16.523837376569645,7.658927492678737
319,6045,15.560260115174144,【 深度 】社会传染动力学：阈值模型及其扩展,4,2.426078259768064,7.518493231408708
320,6080,18.8676866157405,张江：从「缘起性空」到「人工智能」,0,9.108509846748102,1.3299798349419103
321,6105,51.139636182342926,自然语言理解在金融领域的应用 | 尹相志,2,0.7028818765640451,-16.738789381755165
322,6135,15.01309772275282,华院首席科学家：中文或是人类面对人工智能的最后壁垒,1,-10.623377188575954,-4.480467750593678
323,6161,17.962466797810904,问道龙泉寺：内部参访活动报名|集智俱乐部,10,-2.5760745922992005,-27.887783175960653
324,5208,15.295871004407008,看AlphaGo虐柯洁不爽？ 那就解剖它亲哥！,4,-4.710286555539532,-0.2303052696814843
325,5192,22.358133186974534,公开讲座：基于深度学习原理的语音识别,9,6.439901746282995,-32.610513500735244
326,5235,16.43997567169679,深度强化学习的三种方法 | 直播,7,-12.604201736909479,-21.47156822736992
327,5247,15.382233085760348,左右互搏，青出于蓝而胜于蓝？—阿尔法狗原理解析 | 旧文精选,1,-14.773565965287688,-3.2958486374116864
328,5281,15.268811383327508,柯洁输了，所以来学学AlphaGo背后的人工智能吧 | 重磅,4,5.766821102023717,7.817209850229175
329,5308,15.017436179551158,2017北京师范大学复杂系统暑期学校招生启事,18,-31.697015129142773,7.171530321412876
330,5321,15.087760303292708,基于深度学习原理的“从语音到语言”读书会开讲,0,11.713149670561279,-4.106137207394266
331,5347,20.72844343436338,系列课程：从Python到Tensorflow--点亮你的AI技能树,1,-14.710673480016524,0.7614915298467456
332,5369,15.303469472487986,透视深度学习，畅想未来应用——AI视野（二）| 张江,13,9.938679255691042,6.8207718298469
333,6172,34.070644248343015,抢车位中的机器学习与统计物理 | 傅渥成,2,7.752044076490122,-18.35968810282268
334,6189,17.390961594314764,让我们的思想一起发酵：记深度学习中的层级性 | 甄慧玲,4,-5.4070485053737976,4.511766406946905
335,6213,29.545326245344356,理解 RNN | 钟翰廷,13,11.664818871411706,17.335477162594554
336,6237,15.927309936404457,ICLR 2017： 注意力与记忆网络 | 李嫣然,0,17.93823664489057,-0.9488095041848399
337,6265,16.17557532257147,深度学习与层级性：从RNN到注意力与记忆 | 张江,12,3.311282294629596,-2.462557255371685
338,6286,18.54662397233562,公开活动：Fintech与数字医疗 | 知识饕餮,12,6.425020119544033,-4.327553205429667
339,6301,15.874073270090362,学术饕餮：智能金融与数字医疗,12,2.537252107707019,-10.167026102901684
340,7557,28.431531646281734,人脸识别教父李子青亲自坐镇，集智重磅推出计算机视觉高端课程！,8,0.42720279353669544,13.656571644775928
341,7596,16.333792741483325,后大数据时代的AI经济学 | 精选,17,22.19410702811771,6.695590179867713
342,7603,15.076692829651353,大数据的衰落 | 精选,7,-18.038430379768425,-21.016931824974392
343,7746,15.00489097821872,五分钟学会这项技能，是想让职业游戏玩家失业吗？,2,5.060943183492916,-19.769572031201296
344,7737,18.685572408059755,学术视角重读凯文 · 凯利《失控》| 傅渥成Live,1,-15.279967792965449,-5.967748219291612
345,7784,16.904371483157387,超越与重生-记录集智2015-2016（下）,15,-13.521181403248063,3.831581580942128
346,7803,16.174958587335812,超越与重生-记录集智2015-2016（上）,18,-28.496433547962674,0.20704778152131326
347,7823,16.073767963317184,集智俱乐部张江：一个复杂系统里“简单纯粹”的前行者｜转载,1,-21.486976439062005,-6.332929976051033
348,7838,19.524538854461216,十行代码，手把手教你创作音乐！跟Siraj继续学习新技能,18,-24.052881208472133,-3.9025084831805654
349,7851,19.132090199422336,朝闻道，夕如何？ | 小木球,4,1.811125814713343,6.760533080258162
350,7859,20.237951687336206,四分钟学会你的第一个机器学习APP,7,-17.68498371347835,-16.348667103782713
351,7879,16.473215646953744,网络、几何与物理：层级、长程关联与局域化 | 章彦博,18,-33.57299330476708,6.0746051646245505
352,7889,15.706534417176385,集智的算法工程师妹子为你读书,7,-17.413194135590793,-19.19727476092993
353,7901,30.815282514931738,集智AI学园——打造2050新人类,19,22.585108732064217,-11.224015613801619
354,7913,21.424196742184577,不必操心《未来简史》| 张江,12,-4.789532519703924,-6.799348167889424
355,7928,16.773290522711726,洞察突变发生前的预警信号 | 知乎Live,1,-13.280673789411704,-12.162237748706628
356,7938,20.713800151614336,从《未来简史》看人类未来丨张江,17,30.100187943167327,3.0743058648462522
357,7957,50.87201966059912,LSTM和Word Embedding的深入剖析，及RNN/Attention的改进 | “小声嘟囔”专栏,12,3.7463421092373945,-5.375393852559376
358,7972,15.062914806390758,What can we know from the given data? | 原创精选,15,-9.36549776689281,9.291309926610795
359,7984,19.457692029294986,我的肩上是风，风上是闪烁的星群 | 原创精选,13,8.693701092817028,17.44158393849914
360,8001,24.817543974455397,关于深度神经网络压缩(下) | “小声嘟囔”专栏,15,-7.073347064967798,11.866361862171567
361,8017,16.64386514664991,看AI如何碾压罗胖智商！,19,21.639932189297763,-5.468313898643791
362,8592,17.766418357829266,Super AI in Superfit——走近2050,15,-14.431987942855665,3.2845005519053974
363,8602,19.88678559761821,熵：时间、信息、生命 | 傅渥成的Live,2,-3.2266835937479654,-16.274469259745597
364,8613,15.04661812329373,博物学视角下的进化、熵与自然秩序,12,-4.723355302272175,-2.238835569055955
365,8628,22.918510804768605,生命之流 | 流动与时间的赛跑,4,0.3359739430705566,7.57205926535606
366,8675,17.791585468640136,生命之流  |  系统之流,15,-10.903874814924285,9.404458318591612
367,8709,20.21738109887364,生命之流 | 连接上帝的纽带——熵,13,9.773789517814981,11.271258676694416
368,8735,17.146061535948114,近距离触摸大师的机会来了！——文小刚老师新书绘图组招募志愿者,9,10.937243835460706,-30.03192925545041
369,8746,42.28167228487789,生命之流 | 过去与未来在现在相遇,2,4.580422423619972,-13.906934841433168
370,8760,16.490150688387896,人工智能将如何影响未来社会,8,-0.04985460394589514,22.937578508747418
371,8769,31.163246622425916,阿里巴巴复杂科学研究中心学术研讨会,0,17.58184294074036,-3.974868740602484
372,8965,17.502146584380863,知识流形：关于科学的科学 （Knowledge Manifold: the science of Science）,0,18.6349194917798,-7.320766655910385
373,8972,15.650272373699082,生命之流：系统之流,15,-12.073222191125378,8.48502776774037
374,9004,15.036409313224883,2016南山深度学习与人工智能论坛会议纪要,13,5.766337235611734,14.310465612478792
375,9029,17.5073216508388,知识管理与注意力提升 | 线上活动,19,30.88233604412443,-17.781544959856785
376,9037,15.059173553379312,新闻在注意力场中的逃逸 | 吴先生的文章,7,-6.070094052899652,-14.769897206799953
377,9058,37.45407593319001,元胞自动机与「混沌边缘」| 傅渥成的 Live,10,-21.137789079772364,-26.601364306417207
378,9067,15.468311542806122,21世纪的首要悖论：技术进步与社会发展背道而驰,17,18.875066602007198,8.057010029947845
379,9078,15.5708807574473,我梦到了一个漂亮的女孩 | 参与的2050（含视频）,10,-12.791661006463137,-28.122044705809664
380,9090,15.367898167578122,隐私保护、信息共享系统及度量系统复杂性通用框架 | 复杂文摘翻译第3期,18,-29.686413779684454,15.075926122815982
381,9101,15.37349673751964,一个生物体能否大如星系？ | 复杂文摘翻译第3期,17,24.884838892254628,3.5376257975824577
382,8790,15.46289095255079,生命之流 | 从永动机到人工智能,12,-2.0160699172007015,-6.476707979916028
383,8836,15.563392765935363,生命之流 | 究竟什么样的系统才是有生命的活系统,4,0.028067523916736534,8.868435967996428
384,8852,15.303016798916682,手机通话的邓巴数（Calling Dunbar&#39;s Numbers）| 复杂文摘,11,-22.720751672252934,-24.243096504597876
385,8865,16.474764662227937,统一之路：量子纠缠、时空几何与机器学习,4,0.8856736219544298,9.498132390829895
386,8883,19.26653143070723,混合型社会：设计自组织系统集群行为的挑战及前景 | 复杂性文摘,0,13.300716482467168,-7.983247784848517
387,8900,15.10967103933213,傅渥成的Live——理解网络的一种新视角,18,-31.889025850808892,1.7872376164913137
388,8909,16.466788686223087,如何掌握宇宙？| 凯风-集智研读营笔记之一,11,-30.508425266653663,-21.834622323993063
389,8926,15.906834423092462,群体动力学与团队的成功,14,20.580135435477892,-29.555535583112057
390,8939,22.886217631235507,自然为什么钟情于正六边形？| 蜜蜂，天生的数学家,7,-3.6016383504637077,-19.261082254388963
391,8948,15.156593673225904,那些科学史上有名的“睡美人”论文 | 知识流形：关于科学的科学,17,23.747990805996547,6.2168573634117905
392,8233,36.636277105930816,讲座笔记分享：深度学习在自然语言处理中的应用 | 原创精选,14,24.643766499825745,-28.14008546611409
393,9199,26.951524296788833,科学与游戏，虚拟与现实 | 科学v.s.游戏活动回顾（含视频）,13,8.380300969211413,4.996980574469855
394,10853,50.40415236027329,从拓扑数据分析到压缩感知——复杂数据处理新贵,12,-5.701044790355616,-10.807284134469242
395,10852,42.33457690358314,小小的披萨问题蕴含着大大法则 | 《规模》,19,26.76708364668406,-5.812711762543486
396,10000,15.798605770332573,走近2050：未来世界是怎样的？,1,-13.619473111969057,-3.3604366931231886
397,9243,26.147247193610085,傅渥成的知乎Live：沙堆模型——临界与智能,0,8.873973004221314,-4.229464599176002
398,9259,33.600891385708906,复杂性科学与生成艺术 | 讲座,12,-7.089876587368958,-9.69219007930413
399,9281,48.66478326840127,若干双曲几何模型：集智-凯风研读营预读班3,18,-29.841437518458235,4.081393153085257
400,9295,15.933476759263819,未来人工智能时代，需要什么样的人才 | 转载,8,0.7289781801193959,16.039671545385886
401,9311,15.902784076122122,Science v.s. Game | 公开活动,12,4.996192618855012,-3.6256014454955015
402,9331,15.399021023621492,游戏大融通：如何打造跨界游戏IP矩阵？,13,9.135583226446522,15.587773967324608
403,9360,22.79853487533383,近期GAN的模型和理论发展 | 转载,13,6.920588053098529,9.1261412082239
404,9385,21.813539056147853,网络二元及三元关系中的同性偏好 | 复杂文摘翻译,1,-16.031752906685046,1.5221748735898195
405,9403,17.236739794229585,微分几何中的空间曲面——集智-凯风研读营预读班2,1,-14.281975222988637,-4.212918501327827
406,9417,15.340892180853274,空荡的大脑 (The empty brain) | 复杂文摘翻译,17,27.469360723597323,8.85557920919433
407,9634,35.55593558733135,文摘|大数据如何造成虚假信心(How Big Data Creates False Confidence),1,-20.087154676949833,-3.0952112794814557
408,9648,21.146338596298758,你被魔兽世界毁了人生了吗？,0,7.543854923466979,-3.651634650496754
409,9666,15.044067141572963,那些年，我们玩过的游戏（附活动）,13,7.677128459716904,10.808731779133335
410,9713,18.20472216054818,智能＋时代的意愿经济,4,7.032501731704317,1.1755397657761864
411,9729,17.501972021584542,NLP初学教程：word2vec实践,2,6.2303288224774915,-16.640249401860313
412,9760,15.539553569782994,公告 | 招聘博士后、科研助手&博士论坛征稿,0,10.081117973882758,-4.008534971300458
413,9776,20.10690369977027,文摘 | 复杂性文摘翻译第2期,12,1.105649948055739,-8.998172492523542
414,9807,15.780057334024317,董磊的知乎Live：手机数据里的经济学,17,24.281141410622443,8.136560273081146
415,9793,15.099349346667823,傅渥成的知乎Live：「复杂网络」视角下的日常生活,18,-22.347434623022355,4.918729096408424
416,9821,15.010992349036092,2.“社会比特币”撑起民主数字世界的天空,10,-11.544027191660984,-26.16879174287173
417,9831,15.004731634999589,4.繁华路段收费 缓解城市拥堵,2,7.252046547576262,-14.550149899442479
418,9111,21.13957458917992,复杂社会系统中的危机及遗传环路设计自动化 | 复杂文摘翻译第3期,10,-2.985172595195551,-37.38361261641902
419,9121,24.660891857287353,机器创造艺术：致机器和我的孩子 | 科学v.s.游戏活动回顾,1,-11.794265137398337,-5.806993542525975
420,9139,16.714090778241147,《自然》杂志对话刘慈欣：《三体》写作、灵感以及中国科幻,2,-2.2410605339917358,-17.116742652952603
421,9149,29.24547521981766,网络动力学与几何(下)：集智-凯风研读营预读班5,17,19.608094911036552,6.596743058432982
422,9160,24.956959930198444,游戏大融通：如何打造跨界游戏IP矩阵 | 科学v.s.游戏活动回顾（含视频）,13,7.155517595694024,14.950125003483624
423,9185,19.676988271043008,2016南山深度学习与人工智能论坛邀请函,8,0.5886037280608507,18.332155341359286
424,9229,36.606659983312554,网络动力学与几何(上)：集智-凯风研读营预读班4,5,-26.762490022742593,16.92073849701475
425,9435,15.350307475461532,Recurrent Neural Networks及NLP ——集智NLP读书会笔记,4,-5.502526196849718,-0.5527132949774645
426,9468,23.04620786744777,城市决定未来（Cities are the Future）| 复杂文摘翻译,1,-19.13426316568812,-6.600509787805895
427,9486,24.227831974289217,无维涌现(1)：最早的、阿凡达、认知编码及组块化,18,-26.784565576787532,-1.5975394332765283
428,9502,17.334485227512175,向自然学习如何让无人机着陆 | 复杂文摘翻译,0,10.855255352621684,-3.2817722689960953
429,9519,20.702732034963823,人工智能可以帮我们找到下一个优良的新材料吗？| 复杂文摘翻译,15,-18.28229491955204,7.519118822462994
430,9536,20.258475366196308,微分几何之空间曲线——集智-凯风2016研读营预读班第1期,1,-15.30680068609064,-1.8128827352828347
431,9549,20.551857091516105,NLP 集智听课笔记----从感知机到深度学习,0,14.384592053201523,-1.9001819788482104
432,9585,16.01217287289314,线上活动：集智俱乐部计算社会学研讨会,12,5.809961993343027,-9.525213630592143
433,9600,15.100050201564056,就差你了——UI/UX设计师！集智招募,0,12.613711770666248,-3.5847582531268443
434,9614,15.154008424969032,爱她，就为她写代码吧——记王硕与秦颖,11,-22.881888322127427,-7.47316830039114
435,9826,15.014760171228291,3.幂律之外：复杂系统及其受限多样性的极限定律,12,1.6510246933258976,-10.477284055955947
436,9836,15.008022583128907,5.基于热点定价策略来缓解城市拥堵问题,2,5.210805806606491,-18.748957519728712
437,9841,15.140042314000128,文摘|复杂性文摘翻译第2期(1),14,22.846357858459836,-18.540832876771443
438,9850,22.721609216982152,自然语言理解与深度学习课堂笔记1: Word2Vec,19,24.782293466532597,-3.2722146327012576
439,9875,25.68774448204833,分形——故事之外,13,11.561698175613255,7.318447099343972
440,9929,16.406592519201837,两极分化与“回声效应” | 活动总结（含视频）,17,22.40180293354566,8.158841568738854
441,9944,15.16612970109821,复杂网络上的Ising模型,15,-13.182955618322442,5.424479533215681
442,9988,15.181385144685118,傅渥成的 Live——复杂系统的简化模型（二）：用伊辛模型理解复杂系统,10,-12.335250443236724,-29.251335823002997
443,8153,18.2772399023108,集智Superfit AI圣诞晚会，让你的圣诞快乐再飞一会儿！,17,27.09259697561442,3.3306050393158975
444,8203,18.473424357883353,Deep Learning Book中文第一章 深度学习概述 | 精选推荐,2,5.034714888725613,-21.31776855120448
445,8282,23.886360467519623,重整化：从尺度变换到特征提取 | 知乎Live,11,-21.649366129879645,-12.347285224404619
446,8292,21.01241392978649,你的圣诞狂欢我们承包了 ! | 集智俱乐部AI专场学术圣诞晚会,7,-10.03450848135761,-13.304282224816573
447,8348,18.8923533355295,一个00后眼里的人工智能奇妙世界 | 原创精选,7,-14.19083520346911,-12.763813140748184
448,8362,15.467685214543389,基于神经网络的智能控制技术及其发展趋势讲座回顾2 | 原创精选,15,-13.816555716286292,6.1428333722760105
449,8380,17.30733670636884,基于神经网络的智能控制技术及其发展趋势讲座回顾 | 原创精选,12,6.06885796474896,-2.9979369638812843
450,8407,16.811603991143823,深度学习与自然语言处理 | 公开活动,9,-1.2581292368586878,-26.996671940100125
451,8418,17.467243518354568,专题：含时网络理论及应用  | 复杂文摘翻译,5,-13.092209495913465,17.331271830723587
452,8431,15.670992877823387,从大数据到重要信息 | 复杂文摘翻译,15,-10.285732230325301,7.043731459333439
453,8454,15.081686217035555,时间片：感知的持续时间是什么？ | 复杂文摘翻译,12,7.015070019912896,-7.455432054660378
454,8466,42.15090894374482,集体行为的数学模型 | 傅渥成的Live,7,-12.692062026611055,-16.770526673031668
455,8475,25.409106144034403,拨开历史发展的迷雾，透视人工智能的未来 | AI视野第1期课程,1,-18.143134613416784,-3.6400907699094143
456,8493,17.404522808691123,深度学习征服复杂性 | 深度“深度学习”读书会第1期笔记随想,4,-2.56181552567531,10.894035443175481
457,8512,15.046881607574344,刘宇昆访谈 | 中国科幻与翻译的艺术,14,12.9822503992073,-20.213672143150887
458,8549,17.360613206894563,为什么复杂系统研究需要深度学习？| 深度“深度学习”读书会第1期,1,-15.839240840311067,-3.807241358054198
459,8560,27.907130841156793,深度“深度学习”读书会 | 你敢来吗？,7,-7.008964017344312,-13.009163197678667
460,8574,19.32331654536904,共赴一场知识的盛宴——探索未来的人工智能,13,13.370633537600744,3.8819311719965492
461,10008,16.813469283295753,错过发布会现场，不能错过爆照和视频！！！,1,-19.715928334238026,-5.615788792796265
462,7729,27.630213146290668,集智—凯风研读营「网络、几何与机器学习」感想 | 傅渥成,19,27.234900148677237,-11.719722728055935
463,8045,15.698274713309738,人工智能的本源与展望：从亚里士多德到平行智能 | 原创精选,13,5.365311286615051,13.316624794211956
464,8031,15.258187858468839,集智与我 | 原创精选,11,-23.98354227738366,-17.192148369844556
465,8057,16.329557863962265,大咖征集令，不限学科，用你的Coursera证书实现知识变现,14,14.621322362064486,-18.095269011003246
466,8068,15.250748706872777,重金悬赏TensorFlow、Caffe、MXNet...达人 | 英雄招募贴,14,13.450919631202813,-18.658573680244928
467,8090,15.012898323723292,一种面向关系的物理学：从社交网络到量子纠缠 | 原创精选,15,-7.036310874799409,12.780974424038927
468,8107,28.189793461623353,忒修斯之船与最大值函数——何为整体 | 原创精选,14,12.273403617096648,-17.567059798527065
469,8119,24.388261607692115,张江：他让我知道一个人的愿力有多强大 | 原创精选,18,-35.743636343321306,-1.718543673824797
470,8137,27.506021810115854,关于深度神经网络压缩(上) | “小声嘟囔”专栏,15,-10.884814243313745,11.448161160334267
471,7610,15.055031296229982,深度学习之后：经济推理与人工智能 | 重磅,4,2.688972406002028,4.235662927773315
472,7633,16.10162783836269,低调与伟大：写在巨大神经元（Giant Neuron）发现之际 | 林思恩,2,-2.6494783404059974,-17.959450976217813
473,7623,16.379848119663592,解读精彩丰富的《混沌》现象 | 傅渥成Live,1,-12.060578161097547,-10.830901899444285
474,7645,15.536335707345287,Xtecher私享会-人工智能的商用场景究竟在何方？|转载,1,-15.092673595552204,-4.755179290788962
475,7654,18.47044468007421,整体的边界、信息的含义 | 王晓宇,18,-32.38488633735136,-0.4061431843842356
476,7690,15.773263215594625,深度学习背后的统计物理—有关RNN与记忆模型 | 甄慧玲,15,-8.843948451790808,10.783473004030133
477,7671,16.00170224325639,想看什么电影？AI比你更清楚——5分钟创建一个电影推荐系统,11,-23.62838086712759,-22.24869584730056
478,7711,15.429799088256832,从科研到商业：人工智能如何走进我们的生活？｜转载Xtecher私享会,1,-16.978396225223186,-4.553832293579123
479,10885,48.653151387414546,克莱伯定律揭秘生命第四维 | 《规模》,0,20.740649865377236,-2.6878426200386465
480,10882,47.99864914818355,生长与设计——复杂性视角下的智慧城市 |  AI&amp;Society 第十期预告,18,-29.006692147700292,-4.808109755984473
481,10918,45.18004320730728,论怪兽哥斯拉的规模法则 | 《规模》,0,12.59035150411033,-13.939776432063749
482,10913,43.344040790004,科学记者炼成记：做好科学报道，比学历更重要的是什么？ | 内附集智科学侦探招募贴,7,-10.534032848977729,-15.77150309903823
483,10940,47.96196209176103,复杂性科学入门科普书单——十本书带你进入复杂性研究领域,15,-15.245915135417658,10.971510104053916
484,10966,45.66946777891094,为什么公司有衰老死亡，而城市却长生不老？,19,23.062951408874362,-8.943083463950332
485,10957,27.641825601901164,明日讲座预告 | 北京师范大学系统科学学院线下讲座两场,2,9.32222212033317,-21.332010662926262
486,10984,24.148291061342597,在排除甲醛等非自然因素后，如何长寿？,12,3.9957089368874747,-10.647130770997085
487,10982,33.59249166477079,Nature评论：预测危机？设计机制？社会物理学助你一臂之力！,11,-21.136204500786505,-21.394545998468757
488,11010,45.75088913561285,量子计算机会替代数学成为理论物理学家的主要工具吗？,10,-17.498179564364804,-36.8962319516427
489,11008,27.069888225095696,为什么树木之间不会交叉碰撞？ | 树式“害羞”,9,4.609425521906954,-33.726746004438034
490,11029,29.59383774189398,3分钟带你了解系统建模的本质 |《规模》,10,-24.03055166288799,-29.238558173991564
491,11031,40.40122851530955,脑力经济学：DeepMind联合哈佛、剑桥在nature人类行为上发表长文综述,1,-20.8881959388645,-10.52398091829806
492,11058,34.705288415041736,玻尔兹曼盒子：为什么时间是单行道？| 视频,14,16.975755625412265,-19.588053914496832
493,11059,49.1977828874273,学术前沿——双曲空间中的网络、单词及其知识图谱,10,-17.756513746525062,-29.171751832643174
494,11080,36.18510708223951,视觉黑科技——从角落的阴影中重建完整场景信息,10,-13.318114208887597,-32.93729105549666
495,11078,49.73452730770793,比搞笑诺贝尔奖更搞笑的研究：“孩子生病扎他妈？”,14,17.357537358300235,-14.93675755162828
496,11116,43.221112377899686,Nature评论：什么样的数据科学才能解决全球复杂问题,11,-27.85395690321645,-19.811959016280266
497,11114,41.89805426304694,今日讲座直播：生长与设计——复杂性视角下的智慧城市,2,10.049368627351491,-24.214908575109476
498,11129,53.07714974437937,复杂系统入门必修课——幂律分布 | 全网独家,1,-14.320279335671062,-9.023229217324491
499,11145,53.02848644148936,系统思维工具箱：what，why，when，where，how,14,19.125847166002853,-13.641875951444291
500,11144,47.9123491590712,Nature评论：人工智能如何助力科学文献搜索,18,-33.98829803706753,11.645446858457575
501,11179,39.527267132675284,明日深圳腾讯线下讲座：21世纪的复杂科学 | 粉丝福利,2,2.382741399316005,-23.986174086358847
502,11176,52.159491309828766,永生的巨兽：城市生长与演化模型 | AI&amp;Society第十期回顾,1,-20.1570816097885,1.3087583589909346
503,11234,49.42748409989762,黎曼猜想被证明了吗？,10,-6.933288706474969,-39.462548171647434
504,11226,50.6553737476962,明日直播预告 | 首届中国计算传播学年会全天直播时间表,5,-12.620430372616068,28.619059812868883
505,11230,41.72627457017502,王成军：计算传播学的起源、概念和应用 | 长文综述,15,-9.342341468330055,4.7150369823581295
506,11227,41.86744361618173,玩游戏也能做科研？网游EVE online霸气登顶Nature子刊封面！,7,-5.439278185541005,-18.524579822446128
507,11268,49.473014655039066,蚁丘的智慧：理性与个性兼具的蚁群会不会学习？,12,6.591995257973105,-5.982706983428433
508,11277,36.039455647902685,证明黎曼猜想的5页论文已发布！最简洁的解读在这里（附论文）,10,-3.2777447637646007,-33.8819721470508
509,11278,26.103587512982962,大咖云集！直击首届计算传播学年会现场 | 主题演讲视频回放,2,-0.24145625833719975,-19.637418349957525
510,11321,44.181283785377566,为什么金融圈、保险圈、币圈、链圈的人们更应该关注一下黎曼猜想？,17,22.74181755568321,4.032018173508347
511,11319,43.47629827532927,比阿蒂亚爵士的“证明”看起来靠谱许多的黎曼猜想证明 | 解读版本,9,2.0345833783868517,-29.47770823556344
512,11449,41.74011173694119,跨越学科界限：信息论视角下的生命起源与进化,12,1.836662690086075,-5.910836422863822
513,11455,51.65921663281858,靠黎曼猜想仅仅可以破解RSA加密算法吗？,10,-9.512894367898403,-31.041593155824014
514,11448,33.01925214462793,第10届BNU实验科学锦标赛火热进行中 | 内附申请书模板,14,14.285786633408383,-25.590665567594197
515,11587,53.7998018954912,第七届国际复杂网络与应用会议 | 2018英国,15,-13.762986099931616,12.245922725569578
516,11589,52.968146297348206,动物是如何学习的？线虫神经连接组里有答案！,7,-22.109039190300113,-19.316040547460833
517,11626,53.15707860790292,圣塔菲研究所推荐：Mark Newman 网络科学经典教材再版,18,-27.664663017771435,8.062201017967494
518,11628,45.63395376563825,如何让AI自我迭代，完成深度学习中最关键的架构设计工作？,1,-22.57272394106777,0.8681785216868653
519,11647,44.97436952430878,如何将生命体装入旅行箱？| 《规模》,5,-23.376020533556634,15.799993064195673
520,11648,51.717244867958826,数据标尺下的城市新科学 | AI&amp;Society第十期回顾,1,-17.110466902485463,-9.406978078635
521,11686,36.45116700781405,Nature评论：价值5亿美元的大数据如何帮助贫困国家消除饥饿？,14,19.91152294126674,-18.725160234260184
522,11685,43.18844140580732,1.15——推动城市罪恶与繁荣的奇妙数字 | 《规模》,0,9.284883724378899,-9.259457250276562
523,11705,47.35316952363937,论文速递：作为复杂网络的深度学习系统,2,5.104984793821943,-24.44934394382182
524,11703,31.54296191321801,城市节律：犯罪也能像传染病一样在城市中传播吗？,7,-4.709976458537211,-22.141420649595645
525,11726,38.17875498244468,社群发展的底层逻辑：匹配生长模型 | 《规模》,7,-13.137924916594043,-14.920349795030287
526,11728,28.557233856520178,“容纳十万人”的巨构建筑蕴含着怎样的设计机制？,10,-13.682912468520463,-26.513944576327113
527,11747,47.825502571081536,城市科学开拓者——路易斯·贝当古（Luis Bettencourt）| 人物,14,29.12104961097408,-22.53151683665876
528,11746,36.93902569986872,招募 | 化身 AI 盗火者，点亮复杂藏宝图！,14,24.353397729515574,-15.634073586784137
529,11774,35.312347988772835,Nature评论：为什么主流经济学无法预测经济危机？,18,-30.57053743496384,-2.0113994203730607
530,11773,35.98485805030828,解密复杂系统：科学大挑战 | 新书推荐,11,-25.700782444098493,-13.94024561571094
531,11790,50.40929420669191,明日讲座预告：蚁群算法创始人来华，揭秘集群机器人！（附直播地址）,0,10.344039516395283,-10.912039227110956
532,11801,41.396957096652656,今日讲座直播预告：蚁群算法创始人揭秘集群机器人！,9,6.959090752581228,-29.505481643939074
533,11802,40.17697706884036,论文解读：网络科学如何打开深度学习的黑箱？,15,-20.15162053169511,10.752592316751583
534,11821,36.01691998615797,今日直播预告：现实生活中的黑天鹅比你想象的多！,1,-22.57274682748638,-9.117123703572636
535,11858,41.59513799935026,强推：O代码、超酷炫、易上手的可视化神器,19,22.715979298512462,-2.250972103813062
536,11822,53.686095838319346,论文解读：辛梯度优化——多人博弈纳什均衡的全新解法,4,0.5924227795097068,1.2895460910595462
537,11823,46.37667689809736,解读幂律分布与无标度网络 | 长文综述,4,-5.753555453783143,10.070200013393125
538,11906,37.68178625815305,粘性纽扣和社群的生长竟然有如此相似的规律？,15,-5.893799911329358,16.106262416603528
539,11922,34.678394954284954,会议消息| UCLA数学研究所长期交流项目：物理与机器学习,7,-15.075841093530123,-20.697272819626214
540,11934,22.121102797104555,Nature：为什么这9000位高产科学家完成一篇论文仅需5天,11,-26.49919743794474,-27.583603257760107
541,11933,45.1506297709336,数字时代的社会生态学：解决全球化世界中的复杂问题 | 书籍推荐,14,21.620232881359776,-15.255180969952027
542,11952,26.658030071787678,牛津大学：大数据知道你更想和谁约会,0,15.464771038379798,-4.91180687170698
543,11954,28.11840689008499,Mathematica 30年的历史才仅仅是开始,4,2.3745548922979247,0.47669658518560976
544,11953,24.698567081457647,三十而立的Mathematica：让一切可计算 | 2018 WOLFRAM 科技会议,9,1.3922546960768634,-33.935661800306576
545,12012,39.51188878374393,一堂课讲清非线性动力学、混沌、分形、网络科学、复杂系统的区别和联系,18,-34.919829137470565,-5.083749739302278
546,12013,32.54792731658182,Nature人类行为：如何优化网络结构，最大程度发挥神经网络的认知潜力？,4,0.06439418215743564,5.935156359565968
547,12059,42.793360206799264,圣塔菲前所长、《规模》作者Geoffrey West首现集智俱乐部，现场讲座名额限时抢！,11,-25.71975888549634,-6.112466503542887
548,12057,34.879576241313046,实锤！北大退休教授已于13日在中科院报告黎曼猜想的证明,10,-9.431562081426124,-25.158544343520287
549,12058,42.18708314885099,黎曼猜想很大可能将在中国被证实！Riech定理成为解谜钥匙！,2,-4.803518972993785,-24.21565868836155
550,12060,46.146371360657284,一堂课讲清非线性动力学、混沌、分型、网络科学、复杂系统的区别和联系,11,-32.05260299732747,-8.430349852242493
551,12129,37.44878686504969,城市熵的秘密：你的诗和远方，都有人在负重前行,2,3.846738621087046,-26.629108258344928
552,12128,39.86467442006882,发现复杂世界的简单规则：幂律与规模读书会招募,1,-16.60755803008916,-0.22500470109290607
553,12152,44.119401618653356,我们为什么会停止生长？|规模法则,19,26.89807196018793,-15.61449542219447
554,12150,49.59567985373374,最先发现无标度网络的人竟然是他！？,5,-17.24387252525352,18.83950305260741
555,12183,29.234988797054463,复杂系统科学如何改变思维方式？,12,-2.1367018133104096,-12.376625131744905
556,12184,20.990477403218737,Science：流感又来袭，城市越大越安全！,2,-1.008537457527599,-20.665056721441793
557,12203,25.757630908857823,疫苗生产车间也有规模效应？！,0,14.85429975416967,-11.154945338617027
558,12202,26.531274784681152,圣塔菲前所长、《规模》作者Geoffrey West高端闭门学术研讨，10个参会名额开放申请！,11,-33.07893574124134,-14.895776436125296
559,12228,34.78238275001945,中科院理论物理研究所Workshop：物理、推理和学习,2,6.972578575185205,-21.570372451769774
560,12226,27.447497495708017,计算热力学：计算机为何高能耗,10,-18.011853509185265,-23.90839534708016
561,12241,38.534359048893705,今日直播：Julia中文社区四场讲座,8,-3.835196639339261,27.768718512607954
562,12240,53.2017939810431,DeepMind开源图网络库，解决关系推理问题新利器！,2,9.300092302214773,-19.475030992843443
563,12267,36.282497115027404,圣塔菲研究所复杂科学博士后奖学金正在寻找具有创造性的你！,2,2.130998802222714,-18.612960545051696
564,12266,39.32086841805881,用乐高积木给你的宝宝讲懂贝叶斯定理,9,4.4665808076184375,-38.904642024559074
565,12284,37.869396750782414,杭州西溪，圣塔菲前所长、《规模》作者Geoffrey West，揭密公司生长死亡的规模法则！,7,-19.83630349574141,-16.811538418687885
566,12285,47.500284466375284,巴拉巴西新书推荐：从「成就」到「成功」的基本范式,7,-11.315666147817145,-17.928326547364808
567,12307,43.118776727576616,明日直播预告：圣塔菲前所长、《规模》作者 Geoffrey West 解读规模法则！,10,-15.189250360603785,-25.219697787890723
568,12308,34.61034738795648,论文解读：网络社团划分算法居然还能解决区域划分争端？（内附combo代码下载）,12,-2.2338940888853314,-10.559395642297767
569,12331,28.81515095105626,集智-凯风城市论坛明日直播预告 | 圣塔菲前所长、《规模》作者Geoffrey West高端闭门学术研讨,19,29.289185505851226,-16.141601856837525
570,12329,41.51828932412981,明日知乎 live 预告——Geoffrey West &amp;张江：一小时建立终身受用的思维框架,0,11.530856145052,-12.137707403898693
571,12330,20.473221739790713,bGeoffrey West 今晚重磅直播——地球未来：生物、城市和公司的生命、生长和死亡,2,7.457564901588121,-12.933094697126633
572,12360,51.98712496770356,P，NP，PSPACE都是什么鬼？一文讲清计算复杂性分类,7,-15.620498864140766,-18.530266101430406
573,12367,37.85368869077155,迈向数字化的启蒙：数字革命双刃剑 | 新书推荐,2,7.3323845905378,-25.523313058245186
574,12368,36.024357955062854,Geoffrey West 重磅演讲实录 | 地球未来：生物体、城市和公司的生命、生长和死亡（内附视频回放）,5,-19.302673277114835,25.47449242889366
575,12397,40.98146329296636,给自己一个改变世界的机会 | 本科生的圣塔菲研究项目,2,0.7462403974217602,-27.628918470322247
576,12398,31.72320867473903,正反馈与负反馈——是什么让蜂群分工，男女有别？,10,-6.794467090155451,-32.4297950475442
577,12399,32.82016437192425,如何在10分钟内快速入门复杂系统领域？ | 视频推荐,14,16.26351490130144,-21.577947908779393
578,12396,28.699970674299763,集智-凯风城市论坛：圣塔菲前所长、《规模》作者 Geoffrey West 高端闭门学术研讨会,7,-12.13929832650769,-23.38316102293207
579,12432,30.249994960154943,视频 | 蚁群的智慧：分而治之,9,9.562629905321428,-37.62736191507838
580,12429,24.68674043655733,芝大著名学者James Evans：计算社会科学的前沿与展望 | AI&amp;Society第十二期预告,18,-22.70847819724357,-3.637393804194167
581,12452,52.92030154265274,复杂性科学从入门到精通，这十本专业书必不可少！,15,-19.83470318892377,3.3125951466785746
582,12471,36.46137778114087,蚂蚁如何作出集体决策？,7,-6.081273346031494,-17.285104722109185
583,12469,28.721822126890366,为何生活节奏越来越快？因为城市是一台不断加速的跑步机,9,8.979988499271709,-27.589984596313013
584,12509,21.038471723343427,进化新视角：基因之间的重复博弈如何影响生物进化？,14,16.133893049220653,-30.302517499008218
585,12511,52.64762670897712,最「复杂」的暑假：圣塔菲研究所2019年暑期学校！,14,18.200172000298636,-25.89834648957458
586,12530,29.473838006737314,Nature：计算机预测，你此刻的快乐有20%的概率会转为悲伤,7,-7.684580462941444,-16.26674628819466
587,12538,21.553649134542077,MIT 研究组：别瞧不起僵尸粉，它们真能左右舆论！,4,-4.3463618657081575,-1.0640206923737714
588,12540,27.51972243266087,如何有意思地学习数学？ | 《Math with Bad Drawings》,14,24.08016418430119,-23.35618737403167
589,12568,43.92730023285239,Science Advances：大城市再也不用赶人了，用拓扑学就能消灭棚户区,0,17.629063854197515,-10.402434584754484
590,12567,35.4405734064253,明日直播 | 芝大著名学者James A. Evans：科学如何思考,9,8.817391787007129,-31.299703762558078
591,12592,28.396057099181625,Nature Physics：跨学科研究大势所趋，诺奖体系陈旧亟待更新,11,-31.7358594103881,-11.999599030686495
592,12594,36.01628865575239,明日直播 | 芝大著名学者James A. Evans：计算社会科学的前沿与展望,14,20.525699891150634,-20.87418255860811
593,12611,32.693329175607005,对于生态系统稳定性，互惠合作到底是利是弊？,9,2.109055634282413,-31.72803069087933
594,12618,43.892535189493486,计算社会科学既做解释又能预测？芝大学者这样说 | AI&amp;Society 第十二期回顾,1,-19.221619373039484,-9.37422581572668
595,12650,26.31969218463967,综述: 动物社会中的临界相变,4,0.5483751585489351,-1.2638403233761926
596,12649,40.16208579181014,究竟什么叫做标度不变性？——幂律分布集智百科词条,0,16.63965350832905,-7.872960776098032
597,12685,33.59383962297705,探索与争鸣：三维空间中的四维物体有可能存在吗？,2,0.8031898109620721,-22.57267791410405
598,12684,51.02224214653414,幂律分布背后的数学逻辑，了解一下？,12,-4.1983922228864605,-11.687310390814286
599,12729,50.818947167986934,关于幂律分布，你还应该知道如何用代码实现！| 集智百科,2,1.274468604242601,-15.050399985309422
600,12733,45.014260404690674,人类行为预测：从社会物理学到机器学习,9,12.267060586229155,-25.391371810825785
601,12778,22.562210094228043,PNAS：看数字轨迹如何揭秘美国政府“隐秘”的职能结构,8,-7.25750124224493,20.246316431855412
602,12777,29.044632561013444,检验是否服从幂律分布？2行代码搞定！| 集智百科,12,3.2138460118452947,-12.154263896807027
603,12825,45.4058360329907,复杂系统的哲学 | 新书推荐,9,18.223162900346118,-34.04024481626537
604,12826,39.93103771867925,小团队的创新性研究“供养”了大团队吗？,11,-26.658512177277174,-24.235739451128392
605,12846,44.89419030413018,数据时代下，社会经济发展的新范式及新机遇 | AI&amp;Society成都站预告,1,-12.984742308538001,-7.122547293996788
606,12869,21.154749765950317,传播方法与度量：传播学研究中的多主体建模 | 特刊征稿,14,24.634787543845707,-19.677004453664075
607,12868,51.82257924126549,前沿论文综述：如何把一系列随时而变的网络放到一个特征空间下比较？,17,32.06893966562027,17.848215006252328
608,12917,30.193148670046178,系统创新？10分钟Get系统动力学方法！| 视频推荐,14,13.108660713141472,-15.546056565115462
609,12918,37.10196626876236,Nature Physics 前沿：引力来自量子信息吗？,4,-2.008854241196946,6.648894183276758
610,12937,27.69962725927803,Science重磅：“要想成功，快抱大腿！”,5,-19.621644570565504,12.242167859519443
611,12938,25.242061944944012,复杂性科学思维：当你看到拐点时，已来不及,18,-19.091199066959586,6.077593224937858
612,12960,26.587143575040923,「计算社会科学」特刊征稿啦！ | MDPI,14,14.361231374405621,-21.800449892167677
613,12961,24.766377105274472,复杂性科学新阵地：为社会文化问题打造“软件开发平台”,0,8.862704983202809,-13.88197295269265
614,12980,16.378045734341008,全息计算打造“公司大脑”；简单规则驱动复杂系统 | AI&Society 第六期回顾,0,12.57032100600806,-2.7201984785374207
615,13005,29.904775279492576,成都讲座预告 | 张江：复杂网络上的深度学习,19,24.553945646817674,0.6827641571937724
616,13004,28.553336687737186,小世界网络从何而来？会有哪些神奇的现象？ | 集智百科,7,-8.782199487472555,-12.149518523264685
617,13024,42.48278515686939,前沿论文解读：图网络上的注意力流,4,1.3993734241607,-4.092793495780247
618,13025,39.73803483890735,小世界网络就在你身边，你了解嘛？| 集智百科,5,-10.469859276100664,20.16072443060313
619,13081,28.442216694242,科学会终结吗？为何科研投入越来越多，重大成果的产出却越来越少？,0,14.23273374619762,-6.39219184779004
620,13080,45.86817114083406,关于小世界网络，你还应该知道如何用代码实现！｜集智百科,0,18.321979629239188,1.9738802243950213
621,13109,23.415027503839298,今日讲座直播 | 数据时代下， 社会经济发展的新范式及新机遇,2,2.9084803064569056,-21.48595218958257
622,13110,40.933676255334895,《多样性红利》：个人能力与群体智慧 | 复杂性科学新书推荐,4,0.2636263641929114,-2.8436844421935086
623,13129,27.681224077310006,学习中最重要的是遗忘？新理论将揭秘机器学习神秘面纱,15,-16.762317051021533,7.962876190491706
624,13134,39.99625147902019,数据时代下，社会经济发展的新范式及新机遇 | AI&amp;Society成都站回顾,12,-8.810712952116337,-9.23013306466173
625,13130,24.194034092128526,人类终极挑战：赋予人造细胞生命，全人工细胞实现临近,19,23.795392136140638,-6.933989706203431
626,13128,30.621810949123976,计算社会经济学前沿：从个体到城市,1,-7.757555758799198,-3.6948642339543314
627,13127,21.978930918392194,为什么人不容易合作？5分钟快速了解博弈论！| 视频推荐,9,13.276171507292275,-32.101972525763486
628,13221,25.672129447566487,Nature Communications：你的好友列表里潜伏着多少机器人？,12,-2.428347559488686,-8.684041898058254
629,13222,34.089652380331984,论文速递：Arxiv网络科学最新论文摘要16篇,8,-4.28274942073617,21.724563303819078
630,13243,23.44210292999749,论文速递：Arxiv网络科学论文摘要12篇,15,-10.905135298944362,15.614614538889981
631,13242,30.313988487379135,计算社会经济学：行为数据驱动预测性管理 | 周涛,11,-26.372443848753353,-8.645005835063902
632,13262,31.143647390382874,人工智能×医疗大数据重磅学术讲座 | 明日直播预告,7,-7.652799776474067,-23.133429236376543
633,13263,28.228598470621026,征稿｜基于图的机器学习,11,-21.726817238411396,-15.94541474766209
634,13286,19.11494306405667,自愈路网：城市道路网交通事故的自组织管理策略 | 论文速递10篇,15,-12.521657557597338,7.180490541541973
635,13287,26.717613701762136,未来剁手指南：信息能力重塑供需关系,12,-0.5673989168101232,-12.119771368884228
636,13308,48.254949484124545,质疑：物理学的基础理论停滞不前了吗？,9,-1.7260169400628653,-32.17308474501842
637,13306,47.77472881907596,网络科学领域最值得参加的一个会议！| Netsci 2019,10,-20.806871027283215,-32.939683628335665
638,13326,29.35293060269565,小世界问题从何而来？ | 集智百科,0,15.2321811732328,-8.736743623223866
639,13327,35.108916204916326,宿主与微生物一起构成的“超级生物体”是如何演化的？,7,-16.84078628088132,-15.45670687982498
640,13364,24.408240296104864,用神经学习模型计算海量实际网络中的节点中心性度量 | 论文速递1篇,11,-19.986966069114644,-23.537083282876498
641,13363,35.851284640224804,Nature 子刊：机器学习高维数据分析中那些一定可以避开的坑！,0,10.109319546384981,-1.6625023268380417
642,13386,51.48597756122974,新型仿生机器鱼：从个体仿生到群体智能,11,-26.46835335012898,-11.737364271361516
643,13410,22.774625360333797,Nature 评论：走出实验室的神经科学,12,4.727866836201258,-11.73711247474942
644,13411,35.76991519987729,为什么维基百科风靡全球，不只限于英语国家 | 网络科学论文速递17篇,8,-7.516497346398379,16.08204387378214
645,13438,49.74303503685732,新书推荐：集智俱乐部众包译作《深度思考》| 周六直播预告,17,27.21814050849058,12.507594949871558
646,13440,24.520297938720773,野火发生规律：从时空数据到时序网络 | 网络科学论文速递4篇,18,-24.758553976267528,10.988071500179435
647,13459,25.01422968397967,计算机博弈里程碑：AlphaZero完整论文首次发布并登上Science封面,12,1.6130592640161054,-11.768807182478055
648,13458,27.250372821548773,深度思考 |  AlphaGo之父Nature撰文解密两场人机世纪大战,1,-16.601244830983862,-2.30885036659707
649,13491,15.42072786863657,人类碳排放如何影响全球风力模式？| 网络科学论文速递3篇,7,-16.794275271757897,-13.587536388328642
650,13492,26.071456726186675,网络科学家评选出的最有影响力的电影竟然是它？ ！,7,-15.203148927242918,-14.9024590838822
651,13508,19.649307182760083,小世界实验：六度分隔理论的来源 | 集智百科,19,29.456386300631994,-10.55058889750061
652,13509,32.25320765541964,揭秘风投合作网络：越是精英越喜欢“熟人圈子”？,5,-21.624024556333815,19.605693537750223
653,13531,37.3401741838302,Barabási新书笔记：网络科学揭示5条最重要的成功法则,2,8.838320623811649,-16.724104209134996
654,13529,39.51373659979912,Barabási组最新Nature封面文章：复杂网络如何3D打印？,4,-1.0859675366356796,14.457521525678763
655,13530,19.93768343435333,城市经济复杂性背后的就业驱动模型 | 网络科学论文速递6篇,5,-17.669003907940066,13.326848965937787
656,13560,15.175917046595655,科学家跨界研究趋势日益明显 | 网络科学论文速递16篇,11,-30.265010432352742,-16.666360863827506
657,13559,28.270220752713527,复杂系统领域不容错过的盛会！  |  2019 CCS会议,14,14.789597647756535,-28.743066251790598
658,13561,23.29824484436316,生命的算法复杂度：为什么进化总能找到一条简单路径？,18,-28.705878087828047,11.505989450177365
659,13614,26.801501930855906,易控制还能解释？这个新型图像标注算法必须了解一下！,0,13.48796429274381,-5.00643824346899
660,13615,20.7489601738688,Nature子刊揭示团队获胜规律：成功才是成功之母,2,1.3758195886061353,-20.607511228085293
661,13613,20.957421887270048,综述：全面回顾图深度学习方法 | 网络科学论文速递8篇,15,-14.688880133060294,7.727031652354076
662,13662,50.1458258838162,重磅回归！期待已久的盗火者计划2.0已上线,7,-6.314845002355483,-20.59456307800491
663,13678,38.26420305804247,埃舍尔画作中的数学秘密,10,-9.185193495629601,-27.66261329275265
664,13677,17.74920017605961,基于多层时间网络的SIS流行病模型 | 网络科学论文速递4篇,17,25.923011389096096,5.909073818170836
665,13698,22.700188239135837,动态网络预测 | 网络科学论文速递10篇,8,-6.387334552455469,17.94916486154442
666,13721,37.717279567924365,奇点临近：集智俱乐部2018跨年学术晚会开放报名！,0,16.515450466620173,-2.386526383231908
667,13741,25.02486989656051,被老板从ISIS占领区救回的博士生，要么抱对了大腿，要么即将成为大腿,9,12.671100931700408,-29.73547464070618
668,13742,24.95242829149735,六度分隔实验的广泛影响 | 集智百科,18,-24.511966491623955,-2.0435745023142053
669,13776,25.135935930518944,时间多层网络上的石头剪子布随机游走  | 网络科学论文速递17篇,8,-3.5381330377877944,17.832905295132164
670,13778,24.696451137255597,热点为何迅速凉凉？MIT媒体实验室揭示人类集体记忆之谜,1,-17.699803761161593,-12.071258198671742
671,13795,27.188630277060064,21世纪社交图鉴：网络科学“支配”下的网游玩家行为模式,15,-9.507149659469151,12.325215867642159
672,13791,19.946820064375384,在线社会网络的全局性检测 | 网络科学论文速递7篇,8,-7.494708099237513,24.529857990017447
673,13848,19.57996699853731,社交网络机器人的词汇分析| 网络科学论文速递9篇,5,-13.927593037403934,19.52088453194219
674,13836,31.442232724962427,闭门十天：当计算社会科学遇上人工智能 | 寻找最有才华的你,11,-26.792877549516568,-16.73517691021485
675,13820,26.095897011475532,始祖鸟不会飞为什么长羽毛？看似无用的“适应”才是进化动力,15,-15.162813706572555,4.460493379637523
676,13854,16.76488899545578,不用繁琐公式，如何预测复杂的混沌系统？,0,11.959148244745686,-5.399931244898694
677,13874,26.647240839476332,PNAS：科学奖项指数增长，为什么获奖者却总是那几个人？,18,-24.929648633317463,5.569797730594473
678,13873,16.29493306657886,多层网络中的核分解：理论、算法和应用 | 网络科学论文速递7篇,5,-11.173384890122275,17.03242874566441
679,13901,39.45927526310038,命名博弈：研究语言的形成与演化 | 新书推荐,19,29.124008420923534,-7.330548945357818
680,13892,45.206338977009295,集智科学家PNAS发文：为什么未来社会我们更需要这些软技能,18,-25.20739287752831,0.7797136919359651
681,13908,28.58452030655822,Cell 长文综述：机器学习如何助力网络生物学,4,2.8439279835023674,10.818573212232865
682,13948,18.37240765026798,重磅回归！期待已久的盗火者计划2.0已上线,7,-8.55161457547526,-20.609082332555786
683,13983,50.23351678193694,我是谁？我是个怪圈！侯世达著作GEB的精髓都在这本续作里,1,-11.01522214037908,-8.483541613249404
684,13963,33.97824648367114,命名博弈demo：颜色是如何形成和演化的？,0,11.781530155856071,-7.345800605025626
685,13919,53.058790211315944,图网络重磅综述：基于图的深度学习方法,15,-9.528222809325081,1.41461903660853
686,13995,20.856630681553334,集智一页 | 你的一小步，人类迈向奇点的一大步,9,2.7658567371182956,-35.428102765254046
687,13996,15.394689586470777,通过自注意力网络学习动态图表示  | 网络科学论文速递17篇,15,-5.431325366211118,13.108650059509356
688,13997,24.610879566053562,从侯世达到韦斯特：AI&amp;Society年度重磅回顾,8,1.046040206013211,21.027898547810132
689,14062,29.829466759034986,1+1&gt;2 : 简单元素如何涌现出复杂整体？,9,10.207097300146843,-33.95054451223706
690,14063,28.009109281632995,量子 VS. 经典：狂热之后，重新思考量子计算机的价值,9,-0.2619638910227871,-36.563557054949726
691,14082,52.43741549533573,盘点2018年21本必读的复杂性科学新书好书,0,15.616242640528124,1.500897044391962
692,14081,28.34902075469887,会议预告 | 第三届中国系统科学大会（CSSC2019）,2,-0.35301810272759127,-23.936932027946742
693,14118,42.665012805609834,今日重磅讲座直播：集智俱乐部2018年度学术晚会,12,-0.5296059226779145,-14.268699058969906
694,14163,15.5792515942615,知识可以无限共享，就意味着它会扩散到世界各地吗？,7,-17.529584823878626,-13.277261414773694
695,14164,15.09027886306444,如何从网络中删除恶意节点 | 网络科学论文速递12篇,8,-5.144227693297093,18.922975189212764
696,14181,23.38666524327121,合成生物学如何理解和构建生命复杂性？| 顶尖科学家访谈,18,-34.61392477676199,1.7588742920187836
697,14182,17.26033460353515,基于主体的中国入境旅游网络模拟 | 网络科学论文速递10篇,4,-1.9438615451119365,11.598826920901397
698,14180,16.100301814872964,如何根据关键词检测 Twitter 中的事件 | 网络科学论文速递7篇,5,-18.419376930115646,20.680215641516966
699,14208,19.367515104233874,PNAS刊文揭秘三千万员工大数据：初创公司要想生存，就应该这样招人！,11,-18.984258104747582,-13.87500404241973
700,14239,32.20480472272761,《多样性红利》作者又出新书：复杂性背后的模型思维方式,7,-15.859279315587317,-22.736008184903383
701,14254,15.021356839039898,建立联系：科学家们如何在会议期间相遇 | 网络科学论文速递4篇,0,17.768004061251737,-5.953787308237513
702,14253,17.124258531286436,众包作者招募！AI科普新书，一起盘点技术如何改变中国,17,22.24602348046045,13.658272222055682
703,14255,24.998809503274998,图灵斑图最新发现：鲨鱼鳞片和雏鸟羽毛的形成竟然有相似之处！,19,27.45360481810669,-2.267296073270577
704,14286,15.348392918788383,两组简单公式估计不规则边界的分形维数 | 网络科学论文速递8篇,15,-13.378794222052539,7.398139681775106
705,14283,21.34536797368827,Nature新子刊《机器智能》上线，学界联合抵制或成泡影,18,-27.147935635646753,13.262315490729542
706,14302,18.841237221008548,一种接近ER随机图的小世界网络模型 | 网络科学论文速递11篇,15,-4.414774013149081,12.311531024339644
707,14301,19.38584070748624,2030年气候危机？Nature刊文警告全球变暖是真的！,10,-10.790146549199413,-23.746902306006373
708,14319,20.866574895098744,如何做好复杂系统理论研究？专访张江教授,5,-13.720890421805635,22.560756073866287
709,14318,16.073630324600522,计算机病毒在时变网络上的传播 | 网络科学论文速递4篇,1,-21.449594436209793,-3.0557046017358114
710,14317,19.377408851018107,课程、活动、文章，集智数据玩起来！,7,-8.498754266111488,-14.588841141270994
711,14339,19.518974106924748,用于符号网络的聚类和半监督聚类的MBO方案 | 网络科学论文速递7篇,15,-15.438554813811509,6.484511960096483
712,14340,26.132563923625103,元胞自动机揭示交通瘫痪成因：车多路窄惹的祸,7,-10.193190584800412,-11.871252042035767
713,14362,19.748687783984025,著名数学家阿蒂亚去世，黎曼猜想证明继续悬置,2,-1.6790016437620068,-18.899163803390774
714,14370,25.181885506173277,集智俱乐部入围“2018明星学术公众号”榜单，老铁们快来打 Call ！,2,-1.700547774131632,-21.93996187063899
715,14399,16.268593526778357,Nature重磅：用活细胞搭建逻辑电路——调控细胞功能的跨学科之旅,10,-5.923595279317129,-34.48957227746962
716,14401,18.163267738369978,通过社会网络表征学习预测扩散到达概率 | 网络科学论文速递14篇,15,-11.935495528993808,6.213283370557643
717,14400,16.156315415430175,选择随机网络中的重要节点的有效采样 | 网络科学论文速递11篇,15,-8.96988136172828,13.880710908662762
718,14421,21.229958150935502,Science：几万人的马拉松，起跑为什么不乱？用流体力学模型来解释！,11,-20.307284366396203,-13.808428763842253
719,14422,24.28619272866659,啥是佩奇？我用 Mathematica 画给你看！（内附代码/视频教程）,2,-2.565698713849855,-20.514383278760562
720,14423,17.285938218052763,Vent：最大的线上文本、情感、社交关系数据集 | 网络科学论文速递16篇,8,-9.022210792491475,17.967161781174532
721,14463,16.79879413978394,Science封面文章：MIT联合哈佛绘制出纳米级清晰度脑成像,7,-4.7460894749142355,-15.52496350161293
722,14475,15.917643575407542,绿色城市核心技术揭秘：机器视觉+高清遥感准确估算城市树木,10,-14.20941325604926,-29.786284486367133
723,14490,16.464124999613187,全球气温升高1.5°C还是2°C，这个世界大不同,2,-2.059823310453131,-23.03467272583057
724,14503,15.181934535583578,AI再次完胜人类！DeepMind在星际争霸II中10:1击败职业玩家,11,-28.869790740624175,-11.167507406297323
725,14505,16.695753853833608,金融病毒在欧洲及其他地区的蔓延 | 网络科学论文速递18篇,8,-3.2969187397997755,12.971662148795632
726,14504,15.024373969737658,共享出行可以服务多少乘客？| 网络科学论文速递11篇,8,-9.517952481685931,15.738698061131558
727,14524,15.854935698789003,基于置信度的图卷积网络半监督学习 | 网络科学论文速递8篇,5,-21.452404964366828,22.304445947058305
728,14522,15.087107667447013,Nature子刊：删帖无用，8位好友推文就能暴露你是谁！,2,11.10420884726948,-17.39997393344847
729,14542,21.20688256938272,PNAS评论：深度学习未达预期，图网络有望引领下一次AI革命,15,-10.758354643588007,13.996007035076127
730,14540,15.234421194528617,Cell最新：大脑“高效率”竟是精神疾病祸源？,2,3.961652190474357,-20.376902039846115
731,14541,15.120226182038394,多主体通信博弈中的涌现语言现象 | 网络科学论文速递7篇,18,-23.006598757130345,7.8388641792890805
732,14563,15.150019009894015,肿瘤连接组：绘制肿瘤内复杂交互网络 | 网络科学论文速递27篇,4,0.161557481690339,10.929003859830424
733,14565,15.046534279568567,经济物理学30年：物理学家能够拯救经济理论危机吗？,14,14.161273058347682,-16.80102680339159
734,14581,18.33779845502999,Facebook、谷歌大脑和MIT顶级AI专家正在寻找的神经网络通用理论,12,-2.464480817176371,-7.195000966022014
735,14579,15.022083646049309,集体决策中的多样性与社会网络结构 | 网络科学论文速递8篇,18,-20.353208959118273,8.443174345600756
736,14594,15.043674611829893,神经网络的三代进化 | 集智南京研读营回顾,15,-16.672364881609013,5.9951398163992895
737,14593,15.3892676140734,讣告：中国系统科学开拓者方福康教授去世,7,-8.592317746398503,-18.284986568101868
738,14637,16.651159684492892,芝加哥-50℃极寒、加州大火、北京无雪，气候异常可能是技术奇点的先兆！,1,-17.25382222860912,-6.0411123825519075
739,14635,15.015049398087346,复杂网络中缺失链路的可预测性 | 网络科学论文速递7篇,5,-18.051597161899423,14.62303830737105
740,14661,15.06242284819246,如何评估写作风格对新闻质量的影响？ | 网络科学论文速递7篇,5,-12.412914826013985,21.17019467148146
741,14660,17.944914283212476,Nature机器智能：如何基于算法信息破解因果推断难题,11,-22.216885009479423,-13.37708779477094
742,14682,15.11771920937176,复杂商业网络中的分层社区 | 网络科学论文速递9篇,5,-22.858574018886753,11.828784384474467
743,14681,15.115551051317384,我们的宇宙时空如何起源于量子网络？,9,13.18589602450045,-35.129359109735915
744,14695,16.64520164585259,集智科学家吴令飞Nature发文：大团队渐进发展，小团队颠覆式创新,14,14.234196710733775,-19.381313337339165
745,14705,15.012639824865996,模拟交通网络和地区之间的相互作用：共同演化方法 | 网络科学论文速递5篇,5,-12.622726797813979,15.894199485671328
746,14703,15.011494429797832,Science评论：人工智能需要真实的生物大脑机制吗？,17,22.56274534080011,1.645384260305041
747,14715,15.869332072356045,东边日出西边雨：极端天气网络中的长程关联与超指数分布,2,6.569322243637155,-11.064150875441555
748,14730,15.109354218295191,Nature 封面文章解读：团队规模与颠覆性创新,0,14.074070485791177,-12.328859859730185
749,14734,15.043265832773576,2018明星学术公众号TOP 10重磅发布，集智俱乐部上榜,9,0.1270915607587472,-38.637564199213536
750,14762,15.005976427990772,哪家银行最重要？看维基百科怎么说 | 网络科学论文速递2篇,1,-18.084092916475516,-5.148994013987893
751,14761,23.892385640522843,物理学家要失业？机器学习能自学量子力学！,10,-9.09782671981922,-34.61303084665273
752,14776,15.011419351892817,《On Intelligence》作者Jeff Hawkins首提“千脑智能理论”，破解皮层网格细胞谜题,0,19.34403882920387,-5.570201511898429
753,14775,15.007785704647068,维基百科数学家网络分析 | 网络科学论文速递14篇,5,-10.916069364004498,23.517240497984215
754,14798,15.021792003069208,多层网络可视化的现状 | 网络科学论文速递12篇,15,-7.952882159910018,13.211294445208921
755,14797,15.00389742964661,圣塔菲2019暑期学校：城市与全球可持续发展转型,19,32.481925627295254,-8.734425930444258
756,14794,15.004718223293755,算法描绘的“人造生命”，运动流畅自然，如同显微镜下的实景,14,21.968713693369725,-25.766486503012157
757,14825,15.037919725507168,Nature封面文章作者讲述论文故事：小团队知道答案,7,-9.425783110617717,-22.201813272021564
758,14826,17.093940796957362,直播预告：复杂性思维2019系列课程,7,-11.162852347476239,-21.550002887184387
759,14842,15.028739625870527,群体智能新论：个体过于聪明会导致群体死板,0,8.019983577770482,-5.186826607238006
760,14841,15.00251109455027,中国自动化学会讲习班预告：详解L3自动驾驶五大基础板块,9,6.552280096549325,-34.83549405330423
761,14862,15.045045417101036,要不要加入我们？一起影响世界......,19,25.671737473863704,-9.799229529296541
762,14861,15.075836233082256,香农：无缘诺奖的信息论之父，却在不同时空与22位科学家相遇,0,13.491544603836482,-9.913100102890862
763,14888,15.00410878630704,Paper过时了？eLife发布交互式论文，线上就能复现结果,2,-1.3275561181131927,-25.082180287746045
764,14889,15.0077993044883,今晚6点直播：一节课搞懂什么是复杂性思维 | 北师大张江,2,6.322504111448799,-15.31546557823117
765,14887,15.215807382140731,相知吕琳媛，复杂网络圈里一个才华横溢的萝莉教授,7,-11.701919592227679,-20.131751355648465
766,14890,15.005207452935792,分析多层网络中的模体 | 网络科学论文速递5篇,5,-22.096435290541816,10.316862177769785
767,14951,15.001884358901385,Nature 通讯：复杂网络如何化繁为简?,5,-17.26131385983499,22.371137511314643
768,14933,15.00020658636868,学科诞生记：凝聚态物理学的兴起,10,-3.640371010584135,-29.20356570522517
769,14945,15.001739591660428,进展：变分自回归神经网络求解统计力学问题,14,11.936856088190112,-19.397262075918235
770,14961,15.002040627811704,图网络深度解析：为什么说图网络是 AI 的未来？,12,-5.301057379897629,-2.6623293549356735
771,14959,15.001204367383231,今晚6点直播揭秘：“愚蠢”个体如何涌现集群智慧？| 北师大张江公开课,9,4.8411336738361745,-30.383127040440897
772,14963,15.003537158649298,在线分工：开源软件中的涌现结构 | 网络科学论文速递18篇,5,-19.089182395420476,15.434384297226174
773,14968,15.00207490112205,增长图的生成图卷积网络 | 网络科学论文速递15篇,8,-4.689352759375891,14.17712188801185
774,14960,15.000807482617796,万维网30年：他放弃成为亿万富翁，却点亮了整个世界,18,-22.675849458257886,9.050459056372418
775,14998,15.002948461082344,收缩城市研究：城镇化率60%的中国，却有180个城市人口在减少,7,-15.443127153680372,-12.888347720798308
776,15000,15.000018140238792,如何自动化地评估科技新闻的质量 | 网络科学论文速递15篇,8,-6.9214498083321745,22.44025938169739
777,15026,15.00018868137479,无标度特性促进脑网络交叉频率相互作用 | 网络科学论文速递19篇,8,-1.9776897008726928,16.85908426675652
778,15025,15.000015343028315,数据标尺下的城市收缩和城市生长 | AI&amp;Society2019沙龙预告,19,30.27436829559756,-12.914578948203715
779,15024,15.000181446284113,意识谜题揭开前夜：是源于信息处理过程？还是神经网络内在属性？,4,3.8923886250226105,-0.22330702006951797
780,15070,15.0,IBM新研究登上Nature封面：两种量子算法解决分类问题,9,10.920770074979544,-28.03211700355104
781,15066,15.000002978771752,利用数据科学了解电影业的性别差距 | 网络科学论文速递8篇,8,-7.877508749949587,27.005609932619226
